Workbook

Sheet Eingabe
A1: SparteNet – VLAN-Planer: bis zu 10 Sparten an einem Gateway
A2: Gelbe Felder ausfüllen. Für den nächsten Gateway die Datei kopieren und die Werte ändern. Alles andere rechnet automatisch.
A4: Gateway-Nummer (1–254) | B4: 1 | C4: nur für das Technik-Netz des Gateways selbst: 10.0.<Gateway>.0/24
A5: Gateway-Bezeichnung | B5: KGS Buchenweg e.V.
A6: WLAN-Präfix | B6: SparteNet.de | C6: WLANs: Präfix-Kürzel-Pächter, -Gäste, -Vorstand
A8: Steckplatz | B8: Sparte (Name) | C8: Kürzel (ohne Umlaute) | D8: Sparten-ID (1–254, firmenweit einmalig) | E8: Parzellen (1–199) | F8: Slots belegt | G8: Start-Slot | H8: VLAN Parzellen | I8: VLAN Vorstand / Gäste / Technik | J8: IP-Bereich | K8: Pächter-WLAN | L8: Gast-WLAN | M8: Netze | N8: Prüfung | O8: Beispiel Parzelle 1 | P8: Hilfe: Start | Q8: Hilfe: Zeilen
A9: 1 | B9: KGS Buchenweg e.V. | C9: BW | D9: 1 | E9: 85 | F9: =IF(OR(B9="",E9=""),0,IF(E9>99,2,1)) -> 1 | G9: =IF(F9=0,"",1) -> 1 | H9: =IF(F9=0,"",IF(E9<=99,(IF((G9)<=9,1000+(G9)*100,3000)+1)&" – "&(IF((G9)<=9,1000+(G9)*100,3000)+E9),(IF((G9)<=9,1000+(G9)*100,3000)+1)&" – "&(IF((G9)<=9,1000+(G9)*100,3000)+99)&" und "&(IF((G9+1)<=9,1000+(G9+1)*100,3000))&" – "&(IF((G9+1)<=9,1000+(G9+1)*100,3000)+E9-100))) -> 1101 – 1185 | I9: =IF(F9=0,"",(2000+G9*10+1)&" / "&(2000+G9*10+2)&" / "&(2000+G9*10+9)) -> 2011 / 2012 / 2019 | J9: =IF(F9=0,"","10."&D9&".0.0/16") -> 10.1.0.0/16 | K9: =IF(F9=0,"",$B$6&"-"&C9&"-Pächter") -> SparteNet.de-BW-Pächter | L9: =IF(F9=0,"",$B$6&"-"&C9&"-Gäste") -> SparteNet.de-BW-Gäste | M9: =IF(F9=0,"",E9+3) -> 88 | N9: =IF(F9=0,"",IF(E9>199,"Fehler: max. 199 Parzellen",IF(COUNTIF($D$9:$D$18,D9)>1,"Fehler: Sparten-ID doppelt",IF(OR(D9<1,D9>254),"Fehler: ID 1–254",IF(G9+F9-1>10,"Fehler: mehr als 10 Slots","OK"))))) -> OK | O9: =IF(F9=0,"","Parzelle 1 → VLAN "&(IF((G9)<=9,1000+(G9)*100,3000)+1)&" → Handy 10."&D9&".1.10") -> Parzelle 1 → VLAN 1101 → Handy 10.1.1.10 | P9: =1 -> 1 | Q9: =IF(F9=0,0,E9+5) -> 90
A10: 2 | B10: Mittelweg | C10: MW | D10: 2 | E10: 53 | F10: =IF(OR(B10="",E10=""),0,IF(E10>99,2,1)) -> 1 | G10: =IF(F10=0,"",1+SUM($F$9:F9)) -> 2 | H10: =IF(F10=0,"",IF(E10<=99,(IF((G10)<=9,1000+(G10)*100,3000)+1)&" – "&(IF((G10)<=9,1000+(G10)*100,3000)+E10),(IF((G10)<=9,1000+(G10)*100,3000)+1)&" – "&(IF((G10)<=9,1000+(G10)*100,3000)+99)&" und "&(IF((G10+1)<=9,1000+(G10+1)*100,3000))&" – "&(IF((G10+1)<=9,1000+(G10+1)*100,3000)+E10-100))) -> 1201 – 1253 | I10: =IF(F10=0,"",(2000+G10*10+1)&" / "&(2000+G10*10+2)&" / "&(2000+G10*10+9)) -> 2021 / 2022 / 2029 | J10: =IF(F10=0,"","10."&D10&".0.0/16") -> 10.2.0.0/16 | K10: =IF(F10=0,"",$B$6&"-"&C10&"-Pächter") -> SparteNet.de-MW-Pächter | L10: =IF(F10=0,"",$B$6&"-"&C10&"-Gäste") -> SparteNet.de-MW-Gäste | M10: =IF(F10=0,"",E10+3) -> 56 | N10: =IF(F10=0,"",IF(E10>199,"Fehler: max. 199 Parzellen",IF(COUNTIF($D$9:$D$18,D10)>1,"Fehler: Sparten-ID doppelt",IF(OR(D10<1,D10>254),"Fehler: ID 1–254",IF(G10+F10-1>10,"Fehler: mehr als 10 Slots","OK"))))) -> OK | O10: =IF(F10=0,"","Parzelle 1 → VLAN "&(IF((G10)<=9,1000+(G10)*100,3000)+1)&" → Handy 10."&D10&".1.10") -> Parzelle 1 → VLAN 1201 → Handy 10.2.1.10 | P10: =P9+Q9 -> 91 | Q10: =IF(F10=0,0,E10+5) -> 58
A11: 3 | B11: Sonnenwinkel | C11: SW | D11: 3 | E11: 53 | F11: =IF(OR(B11="",E11=""),0,IF(E11>99,2,1)) -> 1 | G11: =IF(F11=0,"",1+SUM($F$9:F10)) -> 3 | H11: =IF(F11=0,"",IF(E11<=99,(IF((G11)<=9,1000+(G11)*100,3000)+1)&" – "&(IF((G11)<=9,1000+(G11)*100,3000)+E11),(IF((G11)<=9,1000+(G11)*100,3000)+1)&" – "&(IF((G11)<=9,1000+(G11)*100,3000)+99)&" und "&(IF((G11+1)<=9,1000+(G11+1)*100,3000))&" – "&(IF((G11+1)<=9,1000+(G11+1)*100,3000)+E11-100))) -> 1301 – 1353 | I11: =IF(F11=0,"",(2000+G11*10+1)&" / "&(2000+G11*10+2)&" / "&(2000+G11*10+9)) -> 2031 / 2032 / 2039 | J11: =IF(F11=0,"","10."&D11&".0.0/16") -> 10.3.0.0/16 | K11: =IF(F11=0,"",$B$6&"-"&C11&"-Pächter") -> SparteNet.de-SW-Pächter | L11: =IF(F11=0,"",$B$6&"-"&C11&"-Gäste") -> SparteNet.de-SW-Gäste | M11: =IF(F11=0,"",E11+3) -> 56 | N11: =IF(F11=0,"",IF(E11>199,"Fehler: max. 199 Parzellen",IF(COUNTIF($D$9:$D$18,D11)>1,"Fehler: Sparten-ID doppelt",IF(OR(D11<1,D11>254),"Fehler: ID 1–254",IF(G11+F11-1>10,"Fehler: mehr als 10 Slots","OK"))))) -> OK | O11: =IF(F11=0,"","Parzelle 1 → VLAN "&(IF((G11)<=9,1000+(G11)*100,3000)+1)&" → Handy 10."&D11&".1.10") -> Parzelle 1 → VLAN 1301 → Handy 10.3.1.10 | P11: =P10+Q10 -> 149 | Q11: =IF(F11=0,0,E11+5) -> 58
A12: 4 | B12: Sorgenfrei II | C12: SF2 | D12: 4 | E12: 53 | F12: =IF(OR(B12="",E12=""),0,IF(E12>99,2,1)) -> 1 | G12: =IF(F12=0,"",1+SUM($F$9:F11)) -> 4 | H12: =IF(F12=0,"",IF(E12<=99,(IF((G12)<=9,1000+(G12)*100,3000)+1)&" – "&(IF((G12)<=9,1000+(G12)*100,3000)+E12),(IF((G12)<=9,1000+(G12)*100,3000)+1)&" – "&(IF((G12)<=9,1000+(G12)*100,3000)+99)&" und "&(IF((G12+1)<=9,1000+(G12+1)*100,3000))&" – "&(IF((G12+1)<=9,1000+(G12+1)*100,3000)+E12-100))) -> 1401 – 1453 | I12: =IF(F12=0,"",(2000+G12*10+1)&" / "&(2000+G12*10+2)&" / "&(2000+G12*10+9)) -> 2041 / 2042 / 2049 | J12: =IF(F12=0,"","10."&D12&".0.0/16") -> 10.4.0.0/16 | K12: =IF(F12=0,"",$B$6&"-"&C12&"-Pächter") -> SparteNet.de-SF2-Pächter | L12: =IF(F12=0,"",$B$6&"-"&C12&"-Gäste") -> SparteNet.de-SF2-Gäste | M12: =IF(F12=0,"",E12+3) -> 56 | N12: =IF(F12=0,"",IF(E12>199,"Fehler: max. 199 Parzellen",IF(COUNTIF($D$9:$D$18,D12)>1,"Fehler: Sparten-ID doppelt",IF(OR(D12<1,D12>254),"Fehler: ID 1–254",IF(G12+F12-1>10,"Fehler: mehr als 10 Slots","OK"))))) -> OK | O12: =IF(F12=0,"","Parzelle 1 → VLAN "&(IF((G12)<=9,1000+(G12)*100,3000)+1)&" → Handy 10."&D12&".1.10") -> Parzelle 1 → VLAN 1401 → Handy 10.4.1.10 | P12: =P11+Q11 -> 207 | Q12: =IF(F12=0,0,E12+5) -> 58
A13: 5 | F13: =IF(OR(B13="",E13=""),0,IF(E13>99,2,1)) -> 0 | G13: =IF(F13=0,"",1+SUM($F$9:F12)) | H13: =IF(F13=0,"",IF(E13<=99,(IF((G13)<=9,1000+(G13)*100,3000)+1)&" – "&(IF((G13)<=9,1000+(G13)*100,3000)+E13),(IF((G13)<=9,1000+(G13)*100,3000)+1)&" – "&(IF((G13)<=9,1000+(G13)*100,3000)+99)&" und "&(IF((G13+1)<=9,1000+(G13+1)*100,3000))&" – "&(IF((G13+1)<=9,1000+(G13+1)*100,3000)+E13-100))) | I13: =IF(F13=0,"",(2000+G13*10+1)&" / "&(2000+G13*10+2)&" / "&(2000+G13*10+9)) | J13: =IF(F13=0,"","10."&D13&".0.0/16") | K13: =IF(F13=0,"",$B$6&"-"&C13&"-Pächter") | L13: =IF(F13=0,"",$B$6&"-"&C13&"-Gäste") | M13: =IF(F13=0,"",E13+3) | N13: =IF(F13=0,"",IF(E13>199,"Fehler: max. 199 Parzellen",IF(COUNTIF($D$9:$D$18,D13)>1,"Fehler: Sparten-ID doppelt",IF(OR(D13<1,D13>254),"Fehler: ID 1–254",IF(G13+F13-1>10,"Fehler: mehr als 10 Slots","OK"))))) | O13: =IF(F13=0,"","Parzelle 1 → VLAN "&(IF((G13)<=9,1000+(G13)*100,3000)+1)&" → Handy 10."&D13&".1.10") | P13: =P12+Q12 -> 265 | Q13: =IF(F13=0,0,E13+5) -> 0
A14: 6 | F14: =IF(OR(B14="",E14=""),0,IF(E14>99,2,1)) -> 0 | G14: =IF(F14=0,"",1+SUM($F$9:F13)) | H14: =IF(F14=0,"",IF(E14<=99,(IF((G14)<=9,1000+(G14)*100,3000)+1)&" – "&(IF((G14)<=9,1000+(G14)*100,3000)+E14),(IF((G14)<=9,1000+(G14)*100,3000)+1)&" – "&(IF((G14)<=9,1000+(G14)*100,3000)+99)&" und "&(IF((G14+1)<=9,1000+(G14+1)*100,3000))&" – "&(IF((G14+1)<=9,1000+(G14+1)*100,3000)+E14-100))) | I14: =IF(F14=0,"",(2000+G14*10+1)&" / "&(2000+G14*10+2)&" / "&(2000+G14*10+9)) | J14: =IF(F14=0,"","10."&D14&".0.0/16") | K14: =IF(F14=0,"",$B$6&"-"&C14&"-Pächter") | L14: =IF(F14=0,"",$B$6&"-"&C14&"-Gäste") | M14: =IF(F14=0,"",E14+3) | N14: =IF(F14=0,"",IF(E14>199,"Fehler: max. 199 Parzellen",IF(COUNTIF($D$9:$D$18,D14)>1,"Fehler: Sparten-ID doppelt",IF(OR(D14<1,D14>254),"Fehler: ID 1–254",IF(G14+F14-1>10,"Fehler: mehr als 10 Slots","OK"))))) | O14: =IF(F14=0,"","Parzelle 1 → VLAN "&(IF((G14)<=9,1000+(G14)*100,3000)+1)&" → Handy 10."&D14&".1.10") | P14: =P13+Q13 -> 265 | Q14: =IF(F14=0,0,E14+5) -> 0
A15: 7 | F15: =IF(OR(B15="",E15=""),0,IF(E15>99,2,1)) -> 0 | G15: =IF(F15=0,"",1+SUM($F$9:F14)) | H15: =IF(F15=0,"",IF(E15<=99,(IF((G15)<=9,1000+(G15)*100,3000)+1)&" – "&(IF((G15)<=9,1000+(G15)*100,3000)+E15),(IF((G15)<=9,1000+(G15)*100,3000)+1)&" – "&(IF((G15)<=9,1000+(G15)*100,3000)+99)&" und "&(IF((G15+1)<=9,1000+(G15+1)*100,3000))&" – "&(IF((G15+1)<=9,1000+(G15+1)*100,3000)+E15-100))) | I15: =IF(F15=0,"",(2000+G15*10+1)&" / "&(2000+G15*10+2)&" / "&(2000+G15*10+9)) | J15: =IF(F15=0,"","10."&D15&".0.0/16") | K15: =IF(F15=0,"",$B$6&"-"&C15&"-Pächter") | L15: =IF(F15=0,"",$B$6&"-"&C15&"-Gäste") | M15: =IF(F15=0,"",E15+3) | N15: =IF(F15=0,"",IF(E15>199,"Fehler: max. 199 Parzellen",IF(COUNTIF($D$9:$D$18,D15)>1,"Fehler: Sparten-ID doppelt",IF(OR(D15<1,D15>254),"Fehler: ID 1–254",IF(G15+F15-1>10,"Fehler: mehr als 10 Slots","OK"))))) | O15: =IF(F15=0,"","Parzelle 1 → VLAN "&(IF((G15)<=9,1000+(G15)*100,3000)+1)&" → Handy 10."&D15&".1.10") | P15: =P14+Q14 -> 265 | Q15: =IF(F15=0,0,E15+5) -> 0
A16: 8 | F16: =IF(OR(B16="",E16=""),0,IF(E16>99,2,1)) -> 0 | G16: =IF(F16=0,"",1+SUM($F$9:F15)) | H16: =IF(F16=0,"",IF(E16<=99,(IF((G16)<=9,1000+(G16)*100,3000)+1)&" – "&(IF((G16)<=9,1000+(G16)*100,3000)+E16),(IF((G16)<=9,1000+(G16)*100,3000)+1)&" – "&(IF((G16)<=9,1000+(G16)*100,3000)+99)&" und "&(IF((G16+1)<=9,1000+(G16+1)*100,3000))&" – "&(IF((G16+1)<=9,1000+(G16+1)*100,3000)+E16-100))) | I16: =IF(F16=0,"",(2000+G16*10+1)&" / "&(2000+G16*10+2)&" / "&(2000+G16*10+9)) | J16: =IF(F16=0,"","10."&D16&".0.0/16") | K16: =IF(F16=0,"",$B$6&"-"&C16&"-Pächter") | L16: =IF(F16=0,"",$B$6&"-"&C16&"-Gäste") | M16: =IF(F16=0,"",E16+3) | N16: =IF(F16=0,"",IF(E16>199,"Fehler: max. 199 Parzellen",IF(COUNTIF($D$9:$D$18,D16)>1,"Fehler: Sparten-ID doppelt",IF(OR(D16<1,D16>254),"Fehler: ID 1–254",IF(G16+F16-1>10,"Fehler: mehr als 10 Slots","OK"))))) | O16: =IF(F16=0,"","Parzelle 1 → VLAN "&(IF((G16)<=9,1000+(G16)*100,3000)+1)&" → Handy 10."&D16&".1.10") | P16: =P15+Q15 -> 265 | Q16: =IF(F16=0,0,E16+5) -> 0
A17: 9 | F17: =IF(OR(B17="",E17=""),0,IF(E17>99,2,1)) -> 0 | G17: =IF(F17=0,"",1+SUM($F$9:F16)) | H17: =IF(F17=0,"",IF(E17<=99,(IF((G17)<=9,1000+(G17)*100,3000)+1)&" – "&(IF((G17)<=9,1000+(G17)*100,3000)+E17),(IF((G17)<=9,1000+(G17)*100,3000)+1)&" – "&(IF((G17)<=9,1000+(G17)*100,3000)+99)&" und "&(IF((G17+1)<=9,1000+(G17+1)*100,3000))&" – "&(IF((G17+1)<=9,1000+(G17+1)*100,3000)+E17-100))) | I17: =IF(F17=0,"",(2000+G17*10+1)&" / "&(2000+G17*10+2)&" / "&(2000+G17*10+9)) | J17: =IF(F17=0,"","10."&D17&".0.0/16") | K17: =IF(F17=0,"",$B$6&"-"&C17&"-Pächter") | L17: =IF(F17=0,"",$B$6&"-"&C17&"-Gäste") | M17: =IF(F17=0,"",E17+3) | N17: =IF(F17=0,"",IF(E17>199,"Fehler: max. 199 Parzellen",IF(COUNTIF($D$9:$D$18,D17)>1,"Fehler: Sparten-ID doppelt",IF(OR(D17<1,D17>254),"Fehler: ID 1–254",IF(G17+F17-1>10,"Fehler: mehr als 10 Slots","OK"))))) | O17: =IF(F17=0,"","Parzelle 1 → VLAN "&(IF((G17)<=9,1000+(G17)*100,3000)+1)&" → Handy 10."&D17&".1.10") | P17: =P16+Q16 -> 265 | Q17: =IF(F17=0,0,E17+5) -> 0
A18: 10 | F18: =IF(OR(B18="",E18=""),0,IF(E18>99,2,1)) -> 0 | G18: =IF(F18=0,"",1+SUM($F$9:F17)) | H18: =IF(F18=0,"",IF(E18<=99,(IF((G18)<=9,1000+(G18)*100,3000)+1)&" – "&(IF((G18)<=9,1000+(G18)*100,3000)+E18),(IF((G18)<=9,1000+(G18)*100,3000)+1)&" – "&(IF((G18)<=9,1000+(G18)*100,3000)+99)&" und "&(IF((G18+1)<=9,1000+(G18+1)*100,3000))&" – "&(IF((G18+1)<=9,1000+(G18+1)*100,3000)+E18-100))) | I18: =IF(F18=0,"",(2000+G18*10+1)&" / "&(2000+G18*10+2)&" / "&(2000+G18*10+9)) | J18: =IF(F18=0,"","10."&D18&".0.0/16") | K18: =IF(F18=0,"",$B$6&"-"&C18&"-Pächter") | L18: =IF(F18=0,"",$B$6&"-"&C18&"-Gäste") | M18: =IF(F18=0,"",E18+3) | N18: =IF(F18=0,"",IF(E18>199,"Fehler: max. 199 Parzellen",IF(COUNTIF($D$9:$D$18,D18)>1,"Fehler: Sparten-ID doppelt",IF(OR(D18<1,D18>254),"Fehler: ID 1–254",IF(G18+F18-1>10,"Fehler: mehr als 10 Slots","OK"))))) | O18: =IF(F18=0,"","Parzelle 1 → VLAN "&(IF((G18)<=9,1000+(G18)*100,3000)+1)&" → Handy 10."&D18&".1.10") | P18: =P17+Q17 -> 265 | Q18: =IF(F18=0,0,E18+5) -> 0
A20: Slots belegt (max. 10) | B20: =SUM(F9:F18) -> 4
A21: Netze gesamt am Gateway | B21: =SUM(M9:M18)+1 -> 257
A22: Parzellen gesamt | B22: =SUM(E9:E18) -> 244
A23: Gesamtprüfung | B23: =IF(B20>10,"Fehler: mehr als 10 Slots",IF(COUNTIF(N9:N18,"Fehler*")>0,"Fehler in Tabelle","OK")) -> OK
A24: Hinweis | B24: =IF(B21>300,"Mehr als 300 Netze: Gateway-Leistung vorher testen, ggf. größeres Gateway","")
A26: Beispiel: die vier Vereine an der Straße Buchenweg (Buchenweg 62–77). Parzellenzahlen außer Buchenweg sind Schätzungen.

Sheet Übersicht
A1: ="IP-Plan "&Eingabe!$B$5 -> IP-Plan KGS Buchenweg e.V.
A3: Gateway (Hauptverteiler) | B3: 1 | C3: ="10.0."&Eingabe!$B$4&".0/24" -> 10.0.1.0/24 | D3: 255.255.255.0 | E3: ="10.0."&Eingabe!$B$4&".1" -> 10.0.1.1 | F3: ="10.0."&Eingabe!$B$4&".2 – .50" -> 10.0.1.2 – .50 | G3: Technik des Gateways (untagged)
A5: Netz | B5: VLAN | C5: Netz (Subnetz) | D5: Subnetzmaske | E5: Router-IP | F5: Geräte-IPs (automatisch) | G5: WLAN und Zugang
A6: =IF(I6="","",IF(J6=0,"Sparte "&I6&": "&INDEX(Eingabe!$B$9:$B$18,I6)&" (Sparten-ID "&INDEX(Eingabe!$D$9:$D$18,I6)&", "&K6&" Parzellen)",IF(J6<=K6," Parzelle "&J6,IF(J6=K6+1," Vorstand",IF(J6=K6+2," Gäste",IF(J6=K6+3," Technik (Switches, Access Points)","")))))) -> Sparte 1: KGS Buchenweg e.V. (Sparten-ID 1, 85 Parzellen) | B6: =IF(I6="","",IF(AND(J6>=1,J6<=K6+3),IF(J6<=K6,IF(J6<=99,IF((INDEX(Eingabe!$G$9:$G$18,I6))<=9,1000+(INDEX(Eingabe!$G$9:$G$18,I6))*100,3000)+J6,IF((INDEX(Eingabe!$G$9:$G$18,I6)+1)<=9,1000+(INDEX(Eingabe!$G$9:$G$18,I6)+1)*100,3000)+J6-100),IF(J6=K6+1,2000+INDEX(Eingabe!$G$9:$G$18,I6)*10+1,IF(J6=K6+2,2000+INDEX(Eingabe!$G$9:$G$18,I6)*10+2,2000+INDEX(Eingabe!$G$9:$G$18,I6)*10+9))),"")) | C6: =IF(I6="","",IF(AND(J6>=1,J6<=K6+3),"10."&INDEX(Eingabe!$D$9:$D$18,I6)&"."&IF(J6<=K6,J6,IF(J6=K6+1,200,IF(J6=K6+2,201,250)))&".0/24","")) | D6: =IF(I6="","",IF(AND(J6>=1,J6<=K6+3),"255.255.255.0","")) | E6: =IF(I6="","",IF(AND(J6>=1,J6<=K6+3),"10."&INDEX(Eingabe!$D$9:$D$18,I6)&"."&IF(J6<=K6,J6,IF(J6=K6+1,200,IF(J6=K6+2,201,250)))&".1","")) | F6: =IF(I6="","",IF(AND(J6>=1,J6<=K6+3),"10."&INDEX(Eingabe!$D$9:$D$18,I6)&"."&IF(J6<=K6,J6,IF(J6=K6+1,200,IF(J6=K6+2,201,250)))&".10 – 10."&INDEX(Eingabe!$D$9:$D$18,I6)&"."&IF(J6<=K6,J6,IF(J6=K6+1,200,IF(J6=K6+2,201,250)))&".250","")) | G6: =IF(I6="","",IF(AND(J6>=1,J6<=K6),Eingabe!$B$6&"-"&INDEX(Eingabe!$C$9:$C$18,I6)&"-Pächter · Passwort Parzelle "&J6,IF(J6=K6+1,Eingabe!$B$6&"-"&INDEX(Eingabe!$C$9:$C$18,I6)&"-Vorstand · eigenes WLAN",IF(J6=K6+2,Eingabe!$B$6&"-"&INDEX(Eingabe!$C$9:$C$18,I6)&"-Gäste · Voucher",IF(J6=K6+3,"Kabel · Access Point y = .(50+y), Mast-Switch x = .(10+x)",""))))) | I6: =IF(1<=(Eingabe!$P$18+Eingabe!$Q$18-1),MATCH(1,Eingabe!$P$9:$P$18,1),"") -> 1 | J6: =IF(I6="","",1-INDEX(Eingabe!$P$9:$P$18,I6)) -> 0 | K6: =IF(I6="","",INDEX(Eingabe!$E$9:$E$18,I6)) -> 85
A7: =IF(I7="","",IF(J7=0,"Sparte "&I7&": "&INDEX(Eingabe!$B$9:$B$18,I7)&" (Sparten-ID "&INDEX(Eingabe!$D$9:$D$18,I7)&", "&K7&" Parzellen)",IF(J7<=K7," Parzelle "&J7,IF(J7=K7+1," Vorstand",IF(J7=K7+2," Gäste",IF(J7=K7+3," Technik (Switches, Access Points)","")))))) -> Parzelle 1 | B7: =IF(I7="","",IF(AND(J7>=1,J7<=K7+3),IF(J7<=K7,IF(J7<=99,IF((INDEX(Eingabe!$G$9:$G$18,I7))<=9,1000+(INDEX(Eingabe!$G$9:$G$18,I7))*100,3000)+J7,IF((INDEX(Eingabe!$G$9:$G$18,I7)+1)<=9,1000+(INDEX(Eingabe!$G$9:$G$18,I7)+1)*100,3000)+J7-100),IF(J7=K7+1,2000+INDEX(Eingabe!$G$9:$G$18,I7)*10+1,IF(J7=K7+2,2000+INDEX(Eingabe!$G$9:$G$18,I7)*10+2,2000+INDEX(Eingabe!$G$9:$G$18,I7)*10+9))),"")) -> 1101 | C7: =IF(I7="","",IF(AND(J7>=1,J7<=K7+3),"10."&INDEX(Eingabe!$D$9:$D$18,I7)&"."&IF(J7<=K7,J7,IF(J7=K7+1,200,IF(J7=K7+2,201,250)))&".0/24","")) -> 10.1.1.0/24 | D7: =IF(I7="","",IF(AND(J7>=1,J7<=K7+3),"255.255.255.0","")) -> 255.255.255.0 | E7: =IF(I7="","",IF(AND(J7>=1,J7<=K7+3),"10."&INDEX(Eingabe!$D$9:$D$18,I7)&"."&IF(J7<=K7,J7,IF(J7=K7+1,200,IF(J7=K7+2,201,250)))&".1","")) -> 10.1.1.1 | F7: =IF(I7="","",IF(AND(J7>=1,J7<=K7+3),"10."&INDEX(Eingabe!$D$9:$D$18,I7)&"."&IF(J7<=K7,J7,IF(J7=K7+1,200,IF(J7=K7+2,201,250)))&".10 – 10."&INDEX(Eingabe!$D$9:$D$18,I7)&"."&IF(J7<=K7,J7,IF(J7=K7+1,200,IF(J7=K7+2,201,250)))&".250","")) -> 10.1.1.10 – 10.1.1.250 | G7: =IF(I7="","",IF(AND(J7>=1,J7<=K7),Eingabe!$B$6&"-"&INDEX(Eingabe!$C$9:$C$18,I7)&"-Pächter · Passwort Parzelle "&J7,IF(J7=K7+1,Eingabe!$B$6&"-"&INDEX(Eingabe!$C$9:$C$18,I7)&"-Vorstand · eigenes WLAN",IF(J7=K7+2,Eingabe!$B$6&"-"&INDEX(Eingabe!$C$9:$C$18,I7)&"-Gäste · Voucher",IF(J7=K7+3,"Kabel · Access Point y = .(50+y), Mast-Switch x = .(10+x)",""))))) -> SparteNet.de-BW-Pächter · Passwort Parzelle 1 | I7: =IF(2<=(Eingabe!$P$18+Eingabe!$Q$18-1),MATCH(2,Eingabe!$P$9:$P$18,1),"") -> 1 | J7: =IF(I7="","",2-INDEX(Eingabe!$P$9:$P$18,I7)) -> 1 | K7: =IF(I7="","",INDEX(Eingabe!$E$9:$E$18,I7)) -> 85
A8: =IF(I8="","",IF(J8=0,"Sparte "&I8&": "&INDEX(Eingabe!$B$9:$B$18,I8)&" (Sparten-ID "&INDEX(Eingabe!$D$9:$D$18,I8)&", "&K8&" Parzellen)",IF(J8<=K8," Parzelle "&J8,IF(J8=K8+1," Vorstand",IF(J8=K8+2," Gäste",IF(J8=K8+3," Technik (Switches, Access Points)","")))))) -> Parzelle 2 | B8: =IF(I8="","",IF(AND(J8>=1,J8<=K8+3),IF(J8<=K8,IF(J8<=99,IF((INDEX(Eingabe!$G$9:$G$18,I8))<=9,1000+(INDEX(Eingabe!$G$9:$G$18,I8))*100,3000)+J8,IF((INDEX(Eingabe!$G$9:$G$18,I8)+1)<=9,1000+(INDEX(Eingabe!$G$9:$G$18,I8)+1)*100,3000)+J8-100),IF(J8=K8+1,2000+INDEX(Eingabe!$G$9:$G$18,I8)*10+1,IF(J8=K8+2,2000+INDEX(Eingabe!$G$9:$G$18,I8)*10+2,2000+INDEX(Eingabe!$G$9:$G$18,I8)*10+9))),"")) -> 1102 | C8: =IF(I8="","",IF(AND(J8>=1,J8<=K8+3),"10."&INDEX(Eingabe!$D$9:$D$18,I8)&"."&IF(J8<=K8,J8,IF(J8=K8+1,200,IF(J8=K8+2,201,250)))&".0/24","")) -> 10.1.2.0/24 | D8: =IF(I8="","",IF(AND(J8>=1,J8<=K8+3),"255.255.255.0","")) -> 255.255.255.0 | E8: =IF(I8="","",IF(AND(J8>=1,J8<=K8+3),"10."&INDEX(Eingabe!$D$9:$D$18,I8)&"."&IF(J8<=K8,J8,IF(J8=K8+1,200,IF(J8=K8+2,201,250)))&".1","")) -> 10.1.2.1 | F8: =IF(I8="","",IF(AND(J8>=1,J8<=K8+3),"10."&INDEX(Eingabe!$D$9:$D$18,I8)&"."&IF(J8<=K8,J8,IF(J8=K8+1,200,IF(J8=K8+2,201,250)))&".10 – 10."&INDEX(Eingabe!$D$9:$D$18,I8)&"."&IF(J8<=K8,J8,IF(J8=K8+1,200,IF(J8=K8+2,201,250)))&".250","")) -> 10.1.2.10 – 10.1.2.250 | G8: =IF(I8="","",IF(AND(J8>=1,J8<=K8),Eingabe!$B$6&"-"&INDEX(Eingabe!$C$9:$C$18,I8)&"-Pächter · Passwort Parzelle "&J8,IF(J8=K8+1,Eingabe!$B$6&"-"&INDEX(Eingabe!$C$9:$C$18,I8)&"-Vorstand · eigenes WLAN",IF(J8=K8+2,Eingabe!$B$6&"-"&INDEX(Eingabe!$C$9:$C$18,I8)&"-Gäste · Voucher",IF(J8=K8+3,"Kabel · Access Point y = .(50+y), Mast-Switch x = .(10+x)",""))))) -> SparteNet.de-BW-Pächter · Passwort Parzelle 2 | I8: =IF(3<=(Eingabe!$P$18+Eingabe!$Q$18-1),MATCH(3,Eingabe!$P$9:$P$18,1),"") -> 1 | J8: =IF(I8="","",3-INDEX(Eingabe!$P$9:$P$18,I8)) -> 2 | K8: =IF(I8="","",INDEX(Eingabe!$E$9:$E$18,I8)) -> 85
A9: =IF(I9="","",IF(J9=0,"Sparte "&I9&": "&INDEX(Eingabe!$B$9:$B$18,I9)&" (Sparten-ID "&INDEX(Eingabe!$D$9:$D$18,I9)&", "&K9&" Parzellen)",IF(J9<=K9," Parzelle "&J9,IF(J9=K9+1," Vorstand",IF(J9=K9+2," Gäste",IF(J9=K9+3," Technik (Switches, Access Points)","")))))) -> Parzelle 3 | B9: =IF(I9="","",IF(AND(J9>=1,J9<=K9+3),IF(J9<=K9,IF(J9<=99,IF((INDEX(Eingabe!$G$9:$G$18,I9))<=9,1000+(INDEX(Eingabe!$G$9:$G$18,I9))*100,3000)+J9,IF((INDEX(Eingabe!$G$9:$G$18,I9)+1)<=9,1000+(INDEX(Eingabe!$G$9:$G$18,I9)+1)*100,3000)+J9-100),IF(J9=K9+1,2000+INDEX(Eingabe!$G$9:$G$18,I9)*10+1,IF(J9=K9+2,2000+INDEX(Eingabe!$G$9:$G$18,I9)*10+2,2000+INDEX(Eingabe!$G$9:$G$18,I9)*10+9))),"")) -> 1103 | C9: =IF(I9="","",IF(AND(J9>=1,J9<=K9+3),"10."&INDEX(Eingabe!$D$9:$D$18,I9)&"."&IF(J9<=K9,J9,IF(J9=K9+1,200,IF(J9=K9+2,201,250)))&".0/24","")) -> 10.1.3.0/24 | D9: =IF(I9="","",IF(AND(J9>=1,J9<=K9+3),"255.255.255.0","")) -> 255.255.255.0 | E9: =IF(I9="","",IF(AND(J9>=1,J9<=K9+3),"10."&INDEX(Eingabe!$D$9:$D$18,I9)&"."&IF(J9<=K9,J9,IF(J9=K9+1,200,IF(J9=K9+2,201,250)))&".1","")) -> 10.1.3.1 | F9: =IF(I9="","",IF(AND(J9>=1,J9<=K9+3),"10."&INDEX(Eingabe!$D$9:$D$18,I9)&"."&IF(J9<=K9,J9,IF(J9=K9+1,200,IF(J9=K9+2,201,250)))&".10 – 10."&INDEX(Eingabe!$D$9:$D$18,I9)&"."&IF(J9<=K9,J9,IF(J9=K9+1,200,IF(J9=K9+2,201,250)))&".250","")) -> 10.1.3.10 – 10.1.3.250 | G9: =IF(I9="","",IF(AND(J9>=1,J9<=K9),Eingabe!$B$6&"-"&INDEX(Eingabe!$C$9:$C$18,I9)&"-Pächter · Passwort Parzelle "&J9,IF(J9=K9+1,Eingabe!$B$6&"-"&INDEX(Eingabe!$C$9:$C$18,I9)&"-Vorstand · eigenes WLAN",IF(J9=K9+2,Eingabe!$B$6&"-"&INDEX(Eingabe!$C$9:$C$18,I9)&"-Gäste · Voucher",IF(J9=K9+3,"Kabel · Access Point y = .(50+y), Mast-Switch x = .(10+x)",""))))) -> SparteNet.de-BW-Pächter · Passwort Parzelle 3 | I9: =IF(4<=(Eingabe!$P$18+Eingabe!$Q$18-1),MATCH(4,Eingabe!$P$9:$P$18,1),"") -> 1 | J9: =IF(I9="","",4-INDEX(Eingabe!$P$9:$P$18,I9)) -> 3 | K9: =IF(I9="","",INDEX(Eingabe!$E$9:$E$18,I9)) -> 85
A10: =IF(I10="","",IF(J10=0,"Sparte "&I10&": "&INDEX(Eingabe!$B$9:$B$18,I10)&" (Sparten-ID "&INDEX(Eingabe!$D$9:$D$18,I10)&", "&K10&" Parzellen)",IF(J10<=K10," Parzelle "&J10,IF(J10=K10+1," Vorstand",IF(J10=K10+2," Gäste",IF(J10=K10+3," Technik (Switches, Access Points)","")))))) -> Parzelle 4 | B10: =IF(I10="","",IF(AND(J10>=1,J10<=K10+3),IF(J10<=K10,IF(J10<=99,IF((INDEX(Eingabe!$G$9:$G$18,I10))<=9,1000+(INDEX(Eingabe!$G$9:$G$18,I10))*100,3000)+J10,IF((INDEX(Eingabe!$G$9:$G$18,I10)+1)<=9,1000+(INDEX(Eingabe!$G$9:$G$18,I10)+1)*100,3000)+J10-100),IF(J10=K10+1,2000+INDEX(Eingabe!$G$9:$G$18,I10)*10+1,IF(J10=K10+2,2000+INDEX(Eingabe!$G$9:$G$18,I10)*10+2,2000+INDEX(Eingabe!$G$9:$G$18,I10)*10+9))),"")) -> 1104 | C10: =IF(I10="","",IF(AND(J10>=1,J10<=K10+3),"10."&INDEX(Eingabe!$D$9:$D$18,I10)&"."&IF(J10<=K10,J10,IF(J10=K10+1,200,IF(J10=K10+2,201,250)))&".0/24","")) -> 10.1.4.0/24 | D10: =IF(I10="","",IF(AND(J10>=1,J10<=K10+3),"255.255.255.0","")) -> 255.255.255.0 | E10: =IF(I10="","",IF(AND(J10>=1,J10<=K10+3),"10."&INDEX(Eingabe!$D$9:$D$18,I10)&"."&IF(J10<=K10,J10,IF(J10=K10+1,200,IF(J10=K10+2,201,250)))&".1","")) -> 10.1.4.1 | F10: =IF(I10="","",IF(AND(J10>=1,J10<=K10+3),"10."&INDEX(Eingabe!$D$9:$D$18,I10)&"."&IF(J10<=K10,J10,IF(J10=K10+1,200,IF(J10=K10+2,201,250)))&".10 – 10."&INDEX(Eingabe!$D$9:$D$18,I10)&"."&IF(J10<=K10,J10,IF(J10=K10+1,200,IF(J10=K10+2,201,250)))&".250","")) -> 10.1.4.10 – 10.1.4.250 | G10: =IF(I10="","",IF(AND(J10>=1,J10<=K10),Eingabe!$B$6&"-"&INDEX(Eingabe!$C$9:$C$18,I10)&"-Pächter · Passwort Parzelle "&J10,IF(J10=K10+1,Eingabe!$B$6&"-"&INDEX(Eingabe!$C$9:$C$18,I10)&"-Vorstand · eigenes WLAN",IF(J10=K10+2,Eingabe!$B$6&"-"&INDEX(Eingabe!$C$9:$C$18,I10)&"-Gäste · Voucher",IF(J10=K10+3,"Kabel · Access Point y = .(50+y), Mast-Switch x = .(10+x)",""))))) -> SparteNet.de-BW-Pächter · Passwort Parzelle 4 | I10: =IF(5<=(Eingabe!$P$18+Eingabe!$Q$18-1),MATCH(5,Eingabe!$P$9:$P$18,1),"") -> 1 | J10: =IF(I10="","",5-INDEX(Eingabe!$P$9:$P$18,I10)) -> 4 | K10: =IF(I10="","",INDEX(Eingabe!$E$9:$E$18,I10)) -> 85
A11: =IF(I11="","",IF(J11=0,"Sparte "&I11&": "&INDEX(Eingabe!$B$9:$B$18,I11)&" (Sparten-ID "&INDEX(Eingabe!$D$9:$D$18,I11)&", "&K11&" Parzellen)",IF(J11<=K11," Parzelle "&J11,IF(J11=K11+1," Vorstand",IF(J11=K11+2," Gäste",IF(J11=K11+3," Technik (Switches, Access Points)","")))))) -> Parzelle 5 | B11: =IF(I11="","",IF(AND(J11>=1,J11<=K11+3),IF(J11<=K11,IF(J11<=99,IF((INDEX(Eingabe!$G$9:$G$18,I11))<=9,1000+(INDEX(Eingabe!$G$9:$G$18,I11))*100,3000)+J11,IF((INDEX(Eingabe!$G$9:$G$18,I11)+1)<=9,1000+(INDEX(Eingabe!$G$9:$G$18,I11)+1)*100,3000)+J11-100),IF(J11=K11+1,2000+INDEX(Eingabe!$G$9:$G$18,I11)*10+1,IF(J11=K11+2,2000+INDEX(Eingabe!$G$9:$G$18,I11)*10+2,2000+INDEX(Eingabe!$G$9:$G$18,I11)*10+9))),"")) -> 1105 | C11: =IF(I11="","",IF(AND(J11>=1,J11<=K11+3),"10."&INDEX(Eingabe!$D$9:$D$18,I11)&"."&IF(J11<=K11,J11,IF(J11=K11+1,200,IF(J11=K11+2,201,250)))&".0/24","")) -> 10.1.5.0/24 | D11: =IF(I11="","",IF(AND(J11>=1,J11<=K11+3),"255.255.255.0","")) -> 255.255.255.0 | E11: =IF(I11="","",IF(AND(J11>=1,J11<=K11+3),"10."&INDEX(Eingabe!$D$9:$D$18,I11)&"."&IF(J11<=K11,J11,IF(J11=K11+1,200,IF(J11=K11+2,201,250)))&".1","")) -> 10.1.5.1 | F11: =IF(I11="","",IF(AND(J11>=1,J11<=K11+3),"10."&INDEX(Eingabe!$D$9:$D$18,I11)&"."&IF(J11<=K11,J11,IF(J11=K11+1,200,IF(J11=K11+2,201,250)))&".10 – 10."&INDEX(Eingabe!$D$9:$D$18,I11)&"."&IF(J11<=K11,J11,IF(J11=K11+1,200,IF(J11=K11+2,201,250)))&".250","")) -> 10.1.5.10 – 10.1.5.250 | G11: =IF(I11="","",IF(AND(J11>=1,J11<=K11),Eingabe!$B$6&"-"&INDEX(Eingabe!$C$9:$C$18,I11)&"-Pächter · Passwort Parzelle "&J11,IF(J11=K11+1,Eingabe!$B$6&"-"&INDEX(Eingabe!$C$9:$C$18,I11)&"-Vorstand · eigenes WLAN",IF(J11=K11+2,Eingabe!$B$6&"-"&INDEX(Eingabe!$C$9:$C$18,I11)&"-Gäste · Voucher",IF(J11=K11+3,"Kabel · Access Point y = .(50+y), Mast-Switch x = .(10+x)",""))))) -> SparteNet.de-BW-Pächter · Passwort Parzelle 5 | I11: =IF(6<=(Eingabe!$P$18+Eingabe!$Q$18-1),MATCH(6,Eingabe!$P$9:$P$18,1),"") -> 1 | J11: =IF(I11="","",6-INDEX(Eingabe!$P$9:$P$18,I11)) -> 5 | K11: =IF(I11="","",INDEX(Eingabe!$E$9:$E$18,I11)) -> 85
A12: =IF(I12="","",IF(J12=0,"Sparte "&I12&": "&INDEX(Eingabe!$B$9:$B$18,I12)&" (Sparten-ID "&INDEX(Eingabe!$D$9:$D$18,I12)&", "&K12&" Parzellen)",IF(J12<=K12," Parzelle "&J12,IF(J12=K12+1," Vorstand",IF(J12=K12+2," Gäste",IF(J12=K12+3," Technik (Switches, Access Points)","")))))) -> Parzelle 6 | B12: =IF(I12="","",IF(AND(J12>=1,J12<=K12+3),IF(J12<=K12,IF(J12<=99,IF((INDEX(Eingabe!$G$9:$G$18,I12))<=9,1000+(INDEX(Eingabe!$G$9:$G$18,I12))*100,3000)+J12,IF((INDEX(Eingabe!$G$9:$G$18,I12)+1)<=9,1000+(INDEX(Eingabe!$G$9:$G$18,I12)+1)*100,3000)+J12-100),IF(J12=K12+1,2000+INDEX(Eingabe!$G$9:$G$18,I12)*10+1,IF(J12=K12+2,2000+INDEX(Eingabe!$G$9:$G$18,I12)*10+2,2000+INDEX(Eingabe!$G$9:$G$18,I12)*10+9))),"")) -> 1106 | C12: =IF(I12="","",IF(AND(J12>=1,J12<=K12+3),"10."&INDEX(Eingabe!$D$9:$D$18,I12)&"."&IF(J12<=K12,J12,IF(J12=K12+1,200,IF(J12=K12+2,201,250)))&".0/24","")) -> 10.1.6.0/24 | D12: =IF(I12="","",IF(AND(J12>=1,J12<=K12+3),"255.255.255.0","")) -> 255.255.255.0 | E12: =IF(I12="","",IF(AND(J12>=1,J12<=K12+3),"10."&INDEX(Eingabe!$D$9:$D$18,I12)&"."&IF(J12<=K12,J12,IF(J12=K12+1,200,IF(J12=K12+2,201,250)))&".1","")) -> 10.1.6.1 | F12: =IF(I12="","",IF(AND(J12>=1,J12<=K12+3),"10."&INDEX(Eingabe!$D$9:$D$18,I12)&"."&IF(J12<=K12,J12,IF(J12=K12+1,200,IF(J12=K12+2,201,250)))&".10 – 10."&INDEX(Eingabe!$D$9:$D$18,I12)&"."&IF(J12<=K12,J12,IF(J12=K12+1,200,IF(J12=K12+2,201,250)))&".250","")) -> 10.1.6.10 – 10.1.6.250 | G12: =IF(I12="","",IF(AND(J12>=1,J12<=K12),Eingabe!$B$6&"-"&INDEX(Eingabe!$C$9:$C$18,I12)&"-Pächter · Passwort Parzelle "&J12,IF(J12=K12+1,Eingabe!$B$6&"-"&INDEX(Eingabe!$C$9:$C$18,I12)&"-Vorstand · eigenes WLAN",IF(J12=K12+2,Eingabe!$B$6&"-"&INDEX(Eingabe!$C$9:$C$18,I12)&"-Gäste · Voucher",IF(J12=K12+3,"Kabel · Access Point y = .(50+y), Mast-Switch x = .(10+x)",""))))) -> SparteNet.de-BW-Pächter · Passwort Parzelle 6 | I12: =IF(7<=(Eingabe!$P$18+Eingabe!$Q$18-1),MATCH(7,Eingabe!$P$9:$P$18,1),"") -> 1 | J12: =IF(I12="","",7-INDEX(Eingabe!$P$9:$P$18,I12)) -> 6 | K12: =IF(I12="","",INDEX(Eingabe!$E$9:$E$18,I12)) -> 85
A13: =IF(I13="","",IF(J13=0,"Sparte "&I13&": "&INDEX(Eingabe!$B$9:$B$18,I13)&" (Sparten-ID "&INDEX(Eingabe!$D$9:$D$18,I13)&", "&K13&" Parzellen)",IF(J13<=K13," Parzelle "&J13,IF(J13=K13+1," Vorstand",IF(J13=K13+2," Gäste",IF(J13=K13+3," Technik (Switches, Access Points)","")))))) -> Parzelle 7 | B13: =IF(I13="","",IF(AND(J13>=1,J13<=K13+3),IF(J13<=K13,IF(J13<=99,IF((INDEX(Eingabe!$G$9:$G$18,I13))<=9,1000+(INDEX(Eingabe!$G$9:$G$18,I13))*100,3000)+J13,IF((INDEX(Eingabe!$G$9:$G$18,I13)+1)<=9,1000+(INDEX(Eingabe!$G$9:$G$18,I13)+1)*100,3000)+J13-100),IF(J13=K13+1,2000+INDEX(Eingabe!$G$9:$G$18,I13)*10+1,IF(J13=K13+2,2000+INDEX(Eingabe!$G$9:$G$18,I13)*10+2,2000+INDEX(Eingabe!$G$9:$G$18,I13)*10+9))),"")) -> 1107 | C13: =IF(I13="","",IF(AND(J13>=1,J13<=K13+3),"10."&INDEX(Eingabe!$D$9:$D$18,I13)&"."&IF(J13<=K13,J13,IF(J13=K13+1,200,IF(J13=K13+2,201,250)))&".0/24","")) -> 10.1.7.0/24 | D13: =IF(I13="","",IF(AND(J13>=1,J13<=K13+3),"255.255.255.0","")) -> 255.255.255.0 | E13: =IF(I13="","",IF(AND(J13>=1,J13<=K13+3),"10."&INDEX(Eingabe!$D$9:$D$18,I13)&"."&IF(J13<=K13,J13,IF(J13=K13+1,200,IF(J13=K13+2,201,250)))&".1","")) -> 10.1.7.1 | F13: =IF(I13="","",IF(AND(J13>=1,J13<=K13+3),"10."&INDEX(Eingabe!$D$9:$D$18,I13)&"."&IF(J13<=K13,J13,IF(J13=K13+1,200,IF(J13=K13+2,201,250)))&".10 – 10."&INDEX(Eingabe!$D$9:$D$18,I13)&"."&IF(J13<=K13,J13,IF(J13=K13+1,200,IF(J13=K13+2,201,250)))&".250","")) -> 10.1.7.10 – 10.1.7.250 | G13: =IF(I13="","",IF(AND(J13>=1,J13<=K13),Eingabe!$B$6&"-"&INDEX(Eingabe!$C$9:$C$18,I13)&"-Pächter · Passwort Parzelle "&J13,IF(J13=K13+1,Eingabe!$B$6&"-"&INDEX(Eingabe!$C$9:$C$18,I13)&"-Vorstand · eigenes WLAN",IF(J13=K13+2,Eingabe!$B$6&"-"&INDEX(Eingabe!$C$9:$C$18,I13)&"-Gäste · Voucher",IF(J13=K13+3,"Kabel · Access Point y = .(50+y), Mast-Switch x = .(10+x)",""))))) -> SparteNet.de-BW-Pächter · Passwort Parzelle 7 | I13: =IF(8<=(Eingabe!$P$18+Eingabe!$Q$18-1),MATCH(8,Eingabe!$P$9:$P$18,1),"") -> 1 | J13: =IF(I13="","",8-INDEX(Eingabe!$P$9:$P$18,I13)) -> 7 | K13: =IF(I13="","",INDEX(Eingabe!$E$9:$E$18,I13)) -> 85
A14: =IF(I14="","",IF(J14=0,"Sparte "&I14&": "&INDEX(Eingabe!$B$9:$B$18,I14)&" (Sparten-ID "&INDEX(Eingabe!$D$9:$D$18,I14)&", "&K14&" Parzellen)",IF(J14<=K14," Parzelle "&J14,IF(J14=K14+1," Vorstand",IF(J14=K14+2," Gäste",IF(J14=K14+3," Technik (Switches, Access Points)","")))))) -> Parzelle 8 | B14: =IF(I14="","",IF(AND(J14>=1,J14<=K14+3),IF(J14<=K14,IF(J14<=99,IF((INDEX(Eingabe!$G$9:$G$18,I14))<=9,1000+(INDEX(Eingabe!$G$9:$G$18,I14))*100,3000)+J14,IF((INDEX(Eingabe!$G$9:$G$18,I14)+1)<=9,1000+(INDEX(Eingabe!$G$9:$G$18,I14)+1)*100,3000)+J14-100),IF(J14=K14+1,2000+INDEX(Eingabe!$G$9:$G$18,I14)*10+1,IF(J14=K14+2,2000+INDEX(Eingabe!$G$9:$G$18,I14)*10+2,2000+INDEX(Eingabe!$G$9:$G$18,I14)*10+9))),"")) -> 1108 | C14: =IF(I14="","",IF(AND(J14>=1,J14<=K14+3),"10."&INDEX(Eingabe!$D$9:$D$18,I14)&"."&IF(J14<=K14,J14,IF(J14=K14+1,200,IF(J14=K14+2,201,250)))&".0/24","")) -> 10.1.8.0/24 | D14: =IF(I14="","",IF(AND(J14>=1,J14<=K14+3),"255.255.255.0","")) -> 255.255.255.0 | E14: =IF(I14="","",IF(AND(J14>=1,J14<=K14+3),"10."&INDEX(Eingabe!$D$9:$D$18,I14)&"."&IF(J14<=K14,J14,IF(J14=K14+1,200,IF(J14=K14+2,201,250)))&".1","")) -> 10.1.8.1 | F14: =IF(I14="","",IF(AND(J14>=1,J14<=K14+3),"10."&INDEX(Eingabe!$D$9:$D$18,I14)&"."&IF(J14<=K14,J14,IF(J14=K14+1,200,IF(J14=K14+2,201,250)))&".10 – 10."&INDEX(Eingabe!$D$9:$D$18,I14)&"."&IF(J14<=K14,J14,IF(J14=K14+1,200,IF(J14=K14+2,201,250)))&".250","")) -> 10.1.8.10 – 10.1.8.250 | G14: =IF(I14="","",IF(AND(J14>=1,J14<=K14),Eingabe!$B$6&"-"&INDEX(Eingabe!$C$9:$C$18,I14)&"-Pächter · Passwort Parzelle "&J14,IF(J14=K14+1,Eingabe!$B$6&"-"&INDEX(Eingabe!$C$9:$C$18,I14)&"-Vorstand · eigenes WLAN",IF(J14=K14+2,Eingabe!$B$6&"-"&INDEX(Eingabe!$C$9:$C$18,I14)&"-Gäste · Voucher",IF(J14=K14+3,"Kabel · Access Point y = .(50+y), Mast-Switch x = .(10+x)",""))))) -> SparteNet.de-BW-Pächter · Passwort Parzelle 8 | I14: =IF(9<=(Eingabe!$P$18+Eingabe!$Q$18-1),MATCH(9,Eingabe!$P$9:$P$18,1),"") -> 1 | J14: =IF(I14="","",9-INDEX(Eingabe!$P$9:$P$18,I14)) -> 8 | K14: =IF(I14="","",INDEX(Eingabe!$E$9:$E$18,I14)) -> 85
A15: =IF(I15="","",IF(J15=0,"Sparte "&I15&": "&INDEX(Eingabe!$B$9:$B$18,I15)&" (Sparten-ID "&INDEX(Eingabe!$D$9:$D$18,I15)&", "&K15&" Parzellen)",IF(J15<=K15," Parzelle "&J15,IF(J15=K15+1," Vorstand",IF(J15=K15+2," Gäste",IF(J15=K15+3," Technik (Switches, Access Points)","")))))) -> Parzelle 9 | B15: =IF(I15="","",IF(AND(J15>=1,J15<=K15+3),IF(J15<=K15,IF(J15<=99,IF((INDEX(Eingabe!$G$9:$G$18,I15))<=9,1000+(INDEX(Eingabe!$G$9:$G$18,I15))*100,3000)+J15,IF((INDEX(Eingabe!$G$9:$G$18,I15)+1)<=9,1000+(INDEX(Eingabe!$G$9:$G$18,I15)+1)*100,3000)+J15-100),IF(J15=K15+1,2000+INDEX(Eingabe!$G$9:$G$18,I15)*10+1,IF(J15=K15+2,2000+INDEX(Eingabe!$G$9:$G$18,I15)*10+2,2000+INDEX(Eingabe!$G$9:$G$18,I15)*10+9))),"")) -> 1109 | C15: =IF(I15="","",IF(AND(J15>=1,J15<=K15+3),"10."&INDEX(Eingabe!$D$9:$D$18,I15)&"."&IF(J15<=K15,J15,IF(J15=K15+1,200,IF(J15=K15+2,201,250)))&".0/24","")) -> 10.1.9.0/24 | D15: =IF(I15="","",IF(AND(J15>=1,J15<=K15+3),"255.255.255.0","")) -> 255.255.255.0 | E15: =IF(I15="","",IF(AND(J15>=1,J15<=K15+3),"10."&INDEX(Eingabe!$D$9:$D$18,I15)&"."&IF(J15<=K15,J15,IF(J15=K15+1,200,IF(J15=K15+2,201,250)))&".1","")) -> 10.1.9.1 | F15: =IF(I15="","",IF(AND(J15>=1,J15<=K15+3),"10."&INDEX(Eingabe!$D$9:$D$18,I15)&"."&IF(J15<=K15,J15,IF(J15=K15+1,200,IF(J15=K15+2,201,250)))&".10 – 10."&INDEX(Eingabe!$D$9:$D$18,I15)&"."&IF(J15<=K15,J15,IF(J15=K15+1,200,IF(J15=K15+2,201,250)))&".250","")) -> 10.1.9.10 – 10.1.9.250 | G15: =IF(I15="","",IF(AND(J15>=1,J15<=K15),Eingabe!$B$6&"-"&INDEX(Eingabe!$C$9:$C$18,I15)&"-Pächter · Passwort Parzelle "&J15,IF(J15=K15+1,Eingabe!$B$6&"-"&INDEX(Eingabe!$C$9:$C$18,I15)&"-Vorstand · eigenes WLAN",IF(J15=K15+2,Eingabe!$B$6&"-"&INDEX(Eingabe!$C$9:$C$18,I15)&"-Gäste · Voucher",IF(J15=K15+3,"Kabel · Access Point y = .(50+y), Mast-Switch x = .(10+x)",""))))) -> SparteNet.de-BW-Pächter · Passwort Parzelle 9 | I15: =IF(10<=(Eingabe!$P$18+Eingabe!$Q$18-1),MATCH(10,Eingabe!$P$9:$P$18,1),"") -> 1 | J15: =IF(I15="","",10-INDEX(Eingabe!$P$9:$P$18,I15)) -> 9 | K15: =IF(I15="","",INDEX(Eingabe!$E$9:$E$18,I15)) -> 85
A16: =IF(I16="","",IF(J16=0,"Sparte "&I16&": "&INDEX(Eingabe!$B$9:$B$18,I16)&" (Sparten-ID "&INDEX(Eingabe!$D$9:$D$18,I16)&", "&K16&" Parzellen)",IF(J16<=K16," Parzelle "&J16,IF(J16=K16+1," Vorstand",IF(J16=K16+2," Gäste",IF(J16=K16+3," Technik (Switches, Access Points)","")))))) -> Parzelle 10 | B16: =IF(I16="","",IF(AND(J16>=1,J16<=K16+3),IF(J16<=K16,IF(J16<=99,IF((INDEX(Eingabe!$G$9:$G$18,I16))<=9,1000+(INDEX(Eingabe!$G$9:$G$18,I16))*100,3000)+J16,IF((INDEX(Eingabe!$G$9:$G$18,I16)+1)<=9,1000+(INDEX(Eingabe!$G$9:$G$18,I16)+1)*100,3000)+J16-100),IF(J16=K16+1,2000+INDEX(Eingabe!$G$9:$G$18,I16)*10+1,IF(J16=K16+2,2000+INDEX(Eingabe!$G$9:$G$18,I16)*10+2,2000+INDEX(Eingabe!$G$9:$G$18,I16)*10+9))),"")) -> 1110 | C16: =IF(I16="","",IF(AND(J16>=1,J16<=K16+3),"10."&INDEX(Eingabe!$D$9:$D$18,I16)&"."&IF(J16<=K16,J16,IF(J16=K16+1,200,IF(J16=K16+2,201,250)))&".0/24","")) -> 10.1.10.0/24 | D16: =IF(I16="","",IF(AND(J16>=1,J16<=K16+3),"255.255.255.0","")) -> 255.255.255.0 | E16: =IF(I16="","",IF(AND(J16>=1,J16<=K16+3),"10."&INDEX(Eingabe!$D$9:$D$18,I16)&"."&IF(J16<=K16,J16,IF(J16=K16+1,200,IF(J16=K16+2,201,250)))&".1","")) -> 10.1.10.1 | F16: =IF(I16="","",IF(AND(J16>=1,J16<=K16+3),"10."&INDEX(Eingabe!$D$9:$D$18,I16)&"."&IF(J16<=K16,J16,IF(J16=K16+1,200,IF(J16=K16+2,201,250)))&".10 – 10."&INDEX(Eingabe!$D$9:$D$18,I16)&"."&IF(J16<=K16,J16,IF(J16=K16+1,200,IF(J16=K16+2,201,250)))&".250","")) -> 10.1.10.10 – 10.1.10.250 | G16: =IF(I16="","",IF(AND(J16>=1,J16<=K16),Eingabe!$B$6&"-"&INDEX(Eingabe!$C$9:$C$18,I16)&"-Pächter · Passwort Parzelle "&J16,IF(J16=K16+1,Eingabe!$B$6&"-"&INDEX(Eingabe!$C$9:$C$18,I16)&"-Vorstand · eigenes WLAN",IF(J16=K16+2,Eingabe!$B$6&"-"&INDEX(Eingabe!$C$9:$C$18,I16)&"-Gäste · Voucher",IF(J16=K16+3,"Kabel · Access Point y = .(50+y), Mast-Switch x = .(10+x)",""))))) -> SparteNet.de-BW-Pächter · Passwort Parzelle 10 | I16: =IF(11<=(Eingabe!$P$18+Eingabe!$Q$18-1),MATCH(11,Eingabe!$P$9:$P$18,1),"") -> 1 | J16: =IF(I16="","",11-INDEX(Eingabe!$P$9:$P$18,I16)) -> 10 | K16: =IF(I16="","",INDEX(Eingabe!$E$9:$E$18,I16)) -> 85
A17: =IF(I17="","",IF(J17=0,"Sparte "&I17&": "&INDEX(Eingabe!$B$9:$B$18,I17)&" (Sparten-ID "&INDEX(Eingabe!$D$9:$D$18,I17)&", "&K17&" Parzellen)",IF(J17<=K17," Parzelle "&J17,IF(J17=K17+1," Vorstand",IF(J17=K17+2," Gäste",IF(J17=K17+3," Technik (Switches, Access Points)","")))))) -> Parzelle 11 | B17: =IF(I17="","",IF(AND(J17>=1,J17<=K17+3),IF(J17<=K17,IF(J17<=99,IF((INDEX(Eingabe!$G$9:$G$18,I17))<=9,1000+(INDEX(Eingabe!$G$9:$G$18,I17))*100,3000)+J17,IF((INDEX(Eingabe!$G$9:$G$18,I17)+1)<=9,1000+(INDEX(Eingabe!$G$9:$G$18,I17)+1)*100,3000)+J17-100),IF(J17=K17+1,2000+INDEX(Eingabe!$G$9:$G$18,I17)*10+1,IF(J17=K17+2,2000+INDEX(Eingabe!$G$9:$G$18,I17)*10+2,2000+INDEX(Eingabe!$G$9:$G$18,I17)*10+9))),"")) -> 1111 | C17: =IF(I17="","",IF(AND(J17>=1,J17<=K17+3),"10."&INDEX(Eingabe!$D$9:$D$18,I17)&"."&IF(J17<=K17,J17,IF(J17=K17+1,200,IF(J17=K17+2,201,250)))&".0/24","")) -> 10.1.11.0/24 | D17: =IF(I17="","",IF(AND(J17>=1,J17<=K17+3),"255.255.255.0","")) -> 255.255.255.0 | E17: =IF(I17="","",IF(AND(J17>=1,J17<=K17+3),"10."&INDEX(Eingabe!$D$9:$D$18,I17)&"."&IF(J17<=K17,J17,IF(J17=K17+1,200,IF(J17=K17+2,201,250)))&".1","")) -> 10.1.11.1 | F17: =IF(I17="","",IF(AND(J17>=1,J17<=K17+3),"10."&INDEX(Eingabe!$D$9:$D$18,I17)&"."&IF(J17<=K17,J17,IF(J17=K17+1,200,IF(J17=K17+2,201,250)))&".10 – 10."&INDEX(Eingabe!$D$9:$D$18,I17)&"."&IF(J17<=K17,J17,IF(J17=K17+1,200,IF(J17=K17+2,201,250)))&".250","")) -> 10.1.11.10 – 10.1.11.250 | G17: =IF(I17="","",IF(AND(J17>=1,J17<=K17),Eingabe!$B$6&"-"&INDEX(Eingabe!$C$9:$C$18,I17)&"-Pächter · Passwort Parzelle "&J17,IF(J17=K17+1,Eingabe!$B$6&"-"&INDEX(Eingabe!$C$9:$C$18,I17)&"-Vorstand · eigenes WLAN",IF(J17=K17+2,Eingabe!$B$6&"-"&INDEX(Eingabe!$C$9:$C$18,I17)&"-Gäste · Voucher",IF(J17=K17+3,"Kabel · Access Point y = .(50+y), Mast-Switch x = .(10+x)",""))))) -> SparteNet.de-BW-Pächter · Passwort Parzelle 11 | I17: =IF(12<=(Eingabe!$P$18+Eingabe!$Q$18-1),MATCH(12,Eingabe!$P$9:$P$18,1),"") -> 1 | J17: =IF(I17="","",12-INDEX(Eingabe!$P$9:$P$18,I17)) -> 11 | K17: =IF(I17="","",INDEX(Eingabe!$E$9:$E$18,I17)) -> 85
A18: =IF(I18="","",IF(J18=0,"Sparte "&I18&": "&INDEX(Eingabe!$B$9:$B$18,I18)&" (Sparten-ID "&INDEX(Eingabe!$D$9:$D$18,I18)&", "&K18&" Parzellen)",IF(J18<=K18," Parzelle "&J18,IF(J18=K18+1," Vorstand",IF(J18=K18+2," Gäste",IF(J18=K18+3," Technik (Switches, Access Points)","")))))) -> Parzelle 12 | B18: =IF(I18="","",IF(AND(J18>=1,J18<=K18+3),IF(J18<=K18,IF(J18<=99,IF((INDEX(Eingabe!$G$9:$G$18,I18))<=9,1000+(INDEX(Eingabe!$G$9:$G$18,I18))*100,3000)+J18,IF((INDEX(Eingabe!$G$9:$G$18,I18)+1)<=9,1000+(INDEX(Eingabe!$G$9:$G$18,I18)+1)*100,3000)+J18-100),IF(J18=K18+1,2000+INDEX(Eingabe!$G$9:$G$18,I18)*10+1,IF(J18=K18+2,2000+INDEX(Eingabe!$G$9:$G$18,I18)*10+2,2000+INDEX(Eingabe!$G$9:$G$18,I18)*10+9))),"")) -> 1112 | C18: =IF(I18="","",IF(AND(J18>=1,J18<=K18+3),"10."&INDEX(Eingabe!$D$9:$D$18,I18)&"."&IF(J18<=K18,J18,IF(J18=K18+1,200,IF(J18=K18+2,201,250)))&".0/24","")) -> 10.1.12.0/24 | D18: =IF(I18="","",IF(AND(J18>=1,J18<=K18+3),"255.255.255.0","")) -> 255.255.255.0 | E18: =IF(I18="","",IF(AND(J18>=1,J18<=K18+3),"10."&INDEX(Eingabe!$D$9:$D$18,I18)&"."&IF(J18<=K18,J18,IF(J18=K18+1,200,IF(J18=K18+2,201,250)))&".1","")) -> 10.1.12.1 | F18: =IF(I18="","",IF(AND(J18>=1,J18<=K18+3),"10."&INDEX(Eingabe!$D$9:$D$18,I18)&"."&IF(J18<=K18,J18,IF(J18=K18+1,200,IF(J18=K18+2,201,250)))&".10 – 10."&INDEX(Eingabe!$D$9:$D$18,I18)&"."&IF(J18<=K18,J18,IF(J18=K18+1,200,IF(J18=K18+2,201,250)))&".250","")) -> 10.1.12.10 – 10.1.12.250 | G18: =IF(I18="","",IF(AND(J18>=1,J18<=K18),Eingabe!$B$6&"-"&INDEX(Eingabe!$C$9:$C$18,I18)&"-Pächter · Passwort Parzelle "&J18,IF(J18=K18+1,Eingabe!$B$6&"-"&INDEX(Eingabe!$C$9:$C$18,I18)&"-Vorstand · eigenes WLAN",IF(J18=K18+2,Eingabe!$B$6&"-"&INDEX(Eingabe!$C$9:$C$18,I18)&"-Gäste · Voucher",IF(J18=K18+3,"Kabel · Access Point y = .(50+y), Mast-Switch x = .(10+x)",""))))) -> SparteNet.de-BW-Pächter · Passwort Parzelle 12 | I18: =IF(13<=(Eingabe!$P$18+Eingabe!$Q$18-1),MATCH(13,Eingabe!$P$9:$P$18,1),"") -> 1 | J18: =IF(I18="","",13-INDEX(Eingabe!$P$9:$P$18,I18)) -> 12 | K18: =IF(I18="","",INDEX(Eingabe!$E$9:$E$18,I18)) -> 85
A19: =IF(I19="","",IF(J19=0,"Sparte "&I19&": "&INDEX(Eingabe!$B$9:$B$18,I19)&" (Sparten-ID "&INDEX(Eingabe!$D$9:$D$18,I19)&", "&K19&" Parzellen)",IF(J19<=K19," Parzelle "&J19,IF(J19=K19+1," Vorstand",IF(J19=K19+2," Gäste",IF(J19=K19+3," Technik (Switches, Access Points)","")))))) -> Parzelle 13 | B19: =IF(I19="","",IF(AND(J19>=1,J19<=K19+3),IF(J19<=K19,IF(J19<=99,IF((INDEX(Eingabe!$G$9:$G$18,I19))<=9,1000+(INDEX(Eingabe!$G$9:$G$18,I19))*100,3000)+J19,IF((INDEX(Eingabe!$G$9:$G$18,I19)+1)<=9,1000+(INDEX(Eingabe!$G$9:$G$18,I19)+1)*100,3000)+J19-100),IF(J19=K19+1,2000+INDEX(Eingabe!$G$9:$G$18,I19)*10+1,IF(J19=K19+2,2000+INDEX(Eingabe!$G$9:$G$18,I19)*10+2,2000+INDEX(Eingabe!$G$9:$G$18,I19)*10+9))),"")) -> 1113 | C19: =IF(I19="","",IF(AND(J19>=1,J19<=K19+3),"10."&INDEX(Eingabe!$D$9:$D$18,I19)&"."&IF(J19<=K19,J19,IF(J19=K19+1,200,IF(J19=K19+2,201,250)))&".0/24","")) -> 10.1.13.0/24 | D19: =IF(I19="","",IF(AND(J19>=1,J19<=K19+3),"255.255.255.0","")) -> 255.255.255.0 | E19: =IF(I19="","",IF(AND(J19>=1,J19<=K19+3),"10."&INDEX(Eingabe!$D$9:$D$18,I19)&"."&IF(J19<=K19,J19,IF(J19=K19+1,200,IF(J19=K19+2,201,250)))&".1","")) -> 10.1.13.1 | F19: =IF(I19="","",IF(AND(J19>=1,J19<=K19+3),"10."&INDEX(Eingabe!$D$9:$D$18,I19)&"."&IF(J19<=K19,J19,IF(J19=K19+1,200,IF(J19=K19+2,201,250)))&".10 – 10."&INDEX(Eingabe!$D$9:$D$18,I19)&"."&IF(J19<=K19,J19,IF(J19=K19+1,200,IF(J19=K19+2,201,250)))&".250","")) -> 10.1.13.10 – 10.1.13.250 | G19: =IF(I19="","",IF(AND(J19>=1,J19<=K19),Eingabe!$B$6&"-"&INDEX(Eingabe!$C$9:$C$18,I19)&"-Pächter · Passwort Parzelle "&J19,IF(J19=K19+1,Eingabe!$B$6&"-"&INDEX(Eingabe!$C$9:$C$18,I19)&"-Vorstand · eigenes WLAN",IF(J19=K19+2,Eingabe!$B$6&"-"&INDEX(Eingabe!$C$9:$C$18,I19)&"-Gäste · Voucher",IF(J19=K19+3,"Kabel · Access Point y = .(50+y), Mast-Switch x = .(10+x)",""))))) -> SparteNet.de-BW-Pächter · Passwort Parzelle 13 | I19: =IF(14<=(Eingabe!$P$18+Eingabe!$Q$18-1),MATCH(14,Eingabe!$P$9:$P$18,1),"") -> 1 | J19: =IF(I19="","",14-INDEX(Eingabe!$P$9:$P$18,I19)) -> 13 | K19: =IF(I19="","",INDEX(Eingabe!$E$9:$E$18,I19)) -> 85
A20: =IF(I20="","",IF(J20=0,"Sparte "&I20&": "&INDEX(Eingabe!$B$9:$B$18,I20)&" (Sparten-ID "&INDEX(Eingabe!$D$9:$D$18,I20)&", "&K20&" Parzellen)",IF(J20<=K20," Parzelle "&J20,IF(J20=K20+1," Vorstand",IF(J20=K20+2," Gäste",IF(J20=K20+3," Technik (Switches, Access Points)","")))))) -> Parzelle 14 | B20: =IF(I20="","",IF(AND(J20>=1,J20<=K20+3),IF(J20<=K20,IF(J20<=99,IF((INDEX(Eingabe!$G$9:$G$18,I20))<=9,1000+(INDEX(Eingabe!$G$9:$G$18,I20))*100,3000)+J20,IF((INDEX(Eingabe!$G$9:$G$18,I20)+1)<=9,1000+(INDEX(Eingabe!$G$9:$G$18,I20)+1)*100,3000)+J20-100),IF(J20=K20+1,2000+INDEX(Eingabe!$G$9:$G$18,I20)*10+1,IF(J20=K20+2,2000+INDEX(Eingabe!$G$9:$G$18,I20)*10+2,2000+INDEX(Eingabe!$G$9:$G$18,I20)*10+9))),"")) -> 1114 | C20: =IF(I20="","",IF(AND(J20>=1,J20<=K20+3),"10."&INDEX(Eingabe!$D$9:$D$18,I20)&"."&IF(J20<=K20,J20,IF(J20=K20+1,200,IF(J20=K20+2,201,250)))&".0/24","")) -> 10.1.14.0/24 | D20: =IF(I20="","",IF(AND(J20>=1,J20<=K20+3),"255.255.255.0","")) -> 255.255.255.0 | E20: =IF(I20="","",IF(AND(J20>=1,J20<=K20+3),"10."&INDEX(Eingabe!$D$9:$D$18,I20)&"."&IF(J20<=K20,J20,IF(J20=K20+1,200,IF(J20=K20+2,201,250)))&".1","")) -> 10.1.14.1 | F20: =IF(I20="","",IF(AND(J20>=1,J20<=K20+3),"10."&INDEX(Eingabe!$D$9:$D$18,I20)&"."&IF(J20<=K20,J20,IF(J20=K20+1,200,IF(J20=K20+2,201,250)))&".10 – 10."&INDEX(Eingabe!$D$9:$D$18,I20)&"."&IF(J20<=K20,J20,IF(J20=K20+1,200,IF(J20=K20+2,201,250)))&".250","")) -> 10.1.14.10 – 10.1.14.250 | G20: =IF(I20="","",IF(AND(J20>=1,J20<=K20),Eingabe!$B$6&"-"&INDEX(Eingabe!$C$9:$C$18,I20)&"-Pächter · Passwort Parzelle "&J20,IF(J20=K20+1,Eingabe!$B$6&"-"&INDEX(Eingabe!$C$9:$C$18,I20)&"-Vorstand · eigenes WLAN",IF(J20=K20+2,Eingabe!$B$6&"-"&INDEX(Eingabe!$C$9:$C$18,I20)&"-Gäste · Voucher",IF(J20=K20+3,"Kabel · Access Point y = .(50+y), Mast-Switch x = .(10+x)",""))))) -> SparteNet.de-BW-Pächter · Passwort Parzelle 14 | I20: =IF(15<=(Eingabe!$P$18+Eingabe!$Q$18-1),MATCH(15,Eingabe!$P$9:$P$18,1),"") -> 1 | J20: =IF(I20="","",15-INDEX(Eingabe!$P$9:$P$18,I20)) -> 14 | K20: =IF(I20="","",INDEX(Eingabe!$E$9:$E$18,I20)) -> 85
A21: =IF(I21="","",IF(J21=0,"Sparte "&I21&": "&INDEX(Eingabe!$B$9:$B$18,I21)&" (Sparten-ID "&INDEX(Eingabe!$D$9:$D$18,I21)&", "&K21&" Parzellen)",IF(J21<=K21," Parzelle "&J21,IF(J21=K21+1," Vorstand",IF(J21=K21+2," Gäste",IF(J21=K21+3," Technik (Switches, Access Points)","")))))) -> Parzelle 15 | B21: =IF(I21="","",IF(AND(J21>=1,J21<=K21+3),IF(J21<=K21,IF(J21<=99,IF((INDEX(Eingabe!$G$9:$G$18,I21))<=9,1000+(INDEX(Eingabe!$G$9:$G$18,I21))*100,3000)+J21,IF((INDEX(Eingabe!$G$9:$G$18,I21)+1)<=9,1000+(INDEX(Eingabe!$G$9:$G$18,I21)+1)*100,3000)+J21-100),IF(J21=K21+1,2000+INDEX(Eingabe!$G$9:$G$18,I21)*10+1,IF(J21=K21+2,2000+INDEX(Eingabe!$G$9:$G$18,I21)*10+2,2000+INDEX(Eingabe!$G$9:$G$18,I21)*10+9))),"")) -> 1115 | C21: =IF(I21="","",IF(AND(J21>=1,J21<=K21+3),"10."&INDEX(Eingabe!$D$9:$D$18,I21)&"."&IF(J21<=K21,J21,IF(J21=K21+1,200,IF(J21=K21+2,201,250)))&".0/24","")) -> 10.1.15.0/24 | D21: =IF(I21="","",IF(AND(J21>=1,J21<=K21+3),"255.255.255.0","")) -> 255.255.255.0 | E21: =IF(I21="","",IF(AND(J21>=1,J21<=K21+3),"10."&INDEX(Eingabe!$D$9:$D$18,I21)&"."&IF(J21<=K21,J21,IF(J21=K21+1,200,IF(J21=K21+2,201,250)))&".1","")) -> 10.1.15.1 | F21: =IF(I21="","",IF(AND(J21>=1,J21<=K21+3),"10."&INDEX(Eingabe!$D$9:$D$18,I21)&"."&IF(J21<=K21,J21,IF(J21=K21+1,200,IF(J21=K21+2,201,250)))&".10 – 10."&INDEX(Eingabe!$D$9:$D$18,I21)&"."&IF(J21<=K21,J21,IF(J21=K21+1,200,IF(J21=K21+2,201,250)))&".250","")) -> 10.1.15.10 – 10.1.15.250 | G21: =IF(I21="","",IF(AND(J21>=1,J21<=K21),Eingabe!$B$6&"-"&INDEX(Eingabe!$C$9:$C$18,I21)&"-Pächter · Passwort Parzelle "&J21,IF(J21=K21+1,Eingabe!$B$6&"-"&INDEX(Eingabe!$C$9:$C$18,I21)&"-Vorstand · eigenes WLAN",IF(J21=K21+2,Eingabe!$B$6&"-"&INDEX(Eingabe!$C$9:$C$18,I21)&"-Gäste · Voucher",IF(J21=K21+3,"Kabel · Access Point y = .(50+y), Mast-Switch x = .(10+x)",""))))) -> SparteNet.de-BW-Pächter · Passwort Parzelle 15 | I21: =IF(16<=(Eingabe!$P$18+Eingabe!$Q$18-1),MATCH(16,Eingabe!$P$9:$P$18,1),"") -> 1 | J21: =IF(I21="","",16-INDEX(Eingabe!$P$9:$P$18,I21)) -> 15 | K21: =IF(I21="","",INDEX(Eingabe!$E$9:$E$18,I21)) -> 85
A22: =IF(I22="","",IF(J22=0,"Sparte "&I22&": "&INDEX(Eingabe!$B$9:$B$18,I22)&" (Sparten-ID "&INDEX(Eingabe!$D$9:$D$18,I22)&", "&K22&" Parzellen)",IF(J22<=K22," Parzelle "&J22,IF(J22=K22+1," Vorstand",IF(J22=K22+2," Gäste",IF(J22=K22+3," Technik (Switches, Access Points)","")))))) -> Parzelle 16 | B22: =IF(I22="","",IF(AND(J22>=1,J22<=K22+3),IF(J22<=K22,IF(J22<=99,IF((INDEX(Eingabe!$G$9:$G$18,I22))<=9,1000+(INDEX(Eingabe!$G$9:$G$18,I22))*100,3000)+J22,IF((INDEX(Eingabe!$G$9:$G$18,I22)+1)<=9,1000+(INDEX(Eingabe!$G$9:$G$18,I22)+1)*100,3000)+J22-100),IF(J22=K22+1,2000+INDEX(Eingabe!$G$9:$G$18,I22)*10+1,IF(J22=K22+2,2000+INDEX(Eingabe!$G$9:$G$18,I22)*10+2,2000+INDEX(Eingabe!$G$9:$G$18,I22)*10+9))),"")) -> 1116 | C22: =IF(I22="","",IF(AND(J22>=1,J22<=K22+3),"10."&INDEX(Eingabe!$D$9:$D$18,I22)&"."&IF(J22<=K22,J22,IF(J22=K22+1,200,IF(J22=K22+2,201,250)))&".0/24","")) -> 10.1.16.0/24 | D22: =IF(I22="","",IF(AND(J22>=1,J22<=K22+3),"255.255.255.0","")) -> 255.255.255.0 | E22: =IF(I22="","",IF(AND(J22>=1,J22<=K22+3),"10."&INDEX(Eingabe!$D$9:$D$18,I22)&"."&IF(J22<=K22,J22,IF(J22=K22+1,200,IF(J22=K22+2,201,250)))&".1","")) -> 10.1.16.1 | F22: =IF(I22="","",IF(AND(J22>=1,J22<=K22+3),"10."&INDEX(Eingabe!$D$9:$D$18,I22)&"."&IF(J22<=K22,J22,IF(J22=K22+1,200,IF(J22=K22+2,201,250)))&".10 – 10."&INDEX(Eingabe!$D$9:$D$18,I22)&"."&IF(J22<=K22,J22,IF(J22=K22+1,200,IF(J22=K22+2,201,250)))&".250","")) -> 10.1.16.10 – 10.1.16.250 | G22: =IF(I22="","",IF(AND(J22>=1,J22<=K22),Eingabe!$B$6&"-"&INDEX(Eingabe!$C$9:$C$18,I22)&"-Pächter · Passwort Parzelle "&J22,IF(J22=K22+1,Eingabe!$B$6&"-"&INDEX(Eingabe!$C$9:$C$18,I22)&"-Vorstand · eigenes WLAN",IF(J22=K22+2,Eingabe!$B$6&"-"&INDEX(Eingabe!$C$9:$C$18,I22)&"-Gäste · Voucher",IF(J22=K22+3,"Kabel · Access Point y = .(50+y), Mast-Switch x = .(10+x)",""))))) -> SparteNet.de-BW-Pächter · Passwort Parzelle 16 | I22: =IF(17<=(Eingabe!$P$18+Eingabe!$Q$18-1),MATCH(17,Eingabe!$P$9:$P$18,1),"") -> 1 | J22: =IF(I22="","",17-INDEX(Eingabe!$P$9:$P$18,I22)) -> 16 | K22: =IF(I22="","",INDEX(Eingabe!$E$9:$E$18,I22)) -> 85
A23: =IF(I23="","",IF(J23=0,"Sparte "&I23&": "&INDEX(Eingabe!$B$9:$B$18,I23)&" (Sparten-ID "&INDEX(Eingabe!$D$9:$D$18,I23)&", "&K23&" Parzellen)",IF(J23<=K23," Parzelle "&J23,IF(J23=K23+1," Vorstand",IF(J23=K23+2," Gäste",IF(J23=K23+3," Technik (Switches, Access Points)","")))))) -> Parzelle 17 | B23: =IF(I23="","",IF(AND(J23>=1,J23<=K23+3),IF(J23<=K23,IF(J23<=99,IF((INDEX(Eingabe!$G$9:$G$18,I23))<=9,1000+(INDEX(Eingabe!$G$9:$G$18,I23))*100,3000)+J23,IF((INDEX(Eingabe!$G$9:$G$18,I23)+1)<=9,1000+(INDEX(Eingabe!$G$9:$G$18,I23)+1)*100,3000)+J23-100),IF(J23=K23+1,2000+INDEX(Eingabe!$G$9:$G$18,I23)*10+1,IF(J23=K23+2,2000+INDEX(Eingabe!$G$9:$G$18,I23)*10+2,2000+INDEX(Eingabe!$G$9:$G$18,I23)*10+9))),"")) -> 1117 | C23: =IF(I23="","",IF(AND(J23>=1,J23<=K23+3),"10."&INDEX(Eingabe!$D$9:$D$18,I23)&"."&IF(J23<=K23,J23,IF(J23=K23+1,200,IF(J23=K23+2,201,250)))&".0/24","")) -> 10.1.17.0/24 | D23: =IF(I23="","",IF(AND(J23>=1,J23<=K23+3),"255.255.255.0","")) -> 255.255.255.0 | E23: =IF(I23="","",IF(AND(J23>=1,J23<=K23+3),"10."&INDEX(Eingabe!$D$9:$D$18,I23)&"."&IF(J23<=K23,J23,IF(J23=K23+1,200,IF(J23=K23+2,201,250)))&".1","")) -> 10.1.17.1 | F23: =IF(I23="","",IF(AND(J23>=1,J23<=K23+3),"10."&INDEX(Eingabe!$D$9:$D$18,I23)&"."&IF(J23<=K23,J23,IF(J23=K23+1,200,IF(J23=K23+2,201,250)))&".10 – 10."&INDEX(Eingabe!$D$9:$D$18,I23)&"."&IF(J23<=K23,J23,IF(J23=K23+1,200,IF(J23=K23+2,201,250)))&".250","")) -> 10.1.17.10 – 10.1.17.250 | G23: =IF(I23="","",IF(AND(J23>=1,J23<=K23),Eingabe!$B$6&"-"&INDEX(Eingabe!$C$9:$C$18,I23)&"-Pächter · Passwort Parzelle "&J23,IF(J23=K23+1,Eingabe!$B$6&"-"&INDEX(Eingabe!$C$9:$C$18,I23)&"-Vorstand · eigenes WLAN",IF(J23=K23+2,Eingabe!$B$6&"-"&INDEX(Eingabe!$C$9:$C$18,I23)&"-Gäste · Voucher",IF(J23=K23+3,"Kabel · Access Point y = .(50+y), Mast-Switch x = .(10+x)",""))))) -> SparteNet.de-BW-Pächter · Passwort Parzelle 17 | I23: =IF(18<=(Eingabe!$P$18+Eingabe!$Q$18-1),MATCH(18,Eingabe!$P$9:$P$18,1),"") -> 1 | J23: =IF(I23="","",18-INDEX(Eingabe!$P$9:$P$18,I23)) -> 17 | K23: =IF(I23="","",INDEX(Eingabe!$E$9:$E$18,I23)) -> 85
A24: =IF(I24="","",IF(J24=0,"Sparte "&I24&": "&INDEX(Eingabe!$B$9:$B$18,I24)&" (Sparten-ID "&INDEX(Eingabe!$D$9:$D$18,I24)&", "&K24&" Parzellen)",IF(J24<=K24," Parzelle "&J24,IF(J24=K24+1," Vorstand",IF(J24=K24+2," Gäste",IF(J24=K24+3," Technik (Switches, Access Points)","")))))) -> Parzelle 18 | B24: =IF(I24="","",IF(AND(J24>=1,J24<=K24+3),IF(J24<=K24,IF(J24<=99,IF((INDEX(Eingabe!$G$9:$G$18,I24))<=9,1000+(INDEX(Eingabe!$G$9:$G$18,I24))*100,3000)+J24,IF((INDEX(Eingabe!$G$9:$G$18,I24)+1)<=9,1000+(INDEX(Eingabe!$G$9:$G$18,I24)+1)*100,3000)+J24-100),IF(J24=K24+1,2000+INDEX(Eingabe!$G$9:$G$18,I24)*10+1,IF(J24=K24+2,2000+INDEX(Eingabe!$G$9:$G$18,I24)*10+2,2000+INDEX(Eingabe!$G$9:$G$18,I24)*10+9))),"")) -> 1118 | C24: =IF(I24="","",IF(AND(J24>=1,J24<=K24+3),"10."&INDEX(Eingabe!$D$9:$D$18,I24)&"."&IF(J24<=K24,J24,IF(J24=K24+1,200,IF(J24=K24+2,201,250)))&".0/24","")) -> 10.1.18.0/24 | D24: =IF(I24="","",IF(AND(J24>=1,J24<=K24+3),"255.255.255.0","")) -> 255.255.255.0 | E24: =IF(I24="","",IF(AND(J24>=1,J24<=K24+3),"10."&INDEX(Eingabe!$D$9:$D$18,I24)&"."&IF(J24<=K24,J24,IF(J24=K24+1,200,IF(J24=K24+2,201,250)))&".1","")) -> 10.1.18.1 | F24: =IF(I24="","",IF(AND(J24>=1,J24<=K24+3),"10."&INDEX(Eingabe!$D$9:$D$18,I24)&"."&IF(J24<=K24,J24,IF(J24=K24+1,200,IF(J24=K24+2,201,250)))&".10 – 10."&INDEX(Eingabe!$D$9:$D$18,I24)&"."&IF(J24<=K24,J24,IF(J24=K24+1,200,IF(J24=K24+2,201,250)))&".250","")) -> 10.1.18.10 – 10.1.18.250 | G24: =IF(I24="","",IF(AND(J24>=1,J24<=K24),Eingabe!$B$6&"-"&INDEX(Eingabe!$C$9:$C$18,I24)&"-Pächter · Passwort Parzelle "&J24,IF(J24=K24+1,Eingabe!$B$6&"-"&INDEX(Eingabe!$C$9:$C$18,I24)&"-Vorstand · eigenes WLAN",IF(J24=K24+2,Eingabe!$B$6&"-"&INDEX(Eingabe!$C$9:$C$18,I24)&"-Gäste · Voucher",IF(J24=K24+3,"Kabel · Access Point y = .(50+y), Mast-Switch x = .(10+x)",""))))) -> SparteNet.de-BW-Pächter · Passwort Parzelle 18 | I24: =IF(19<=(Eingabe!$P$18+Eingabe!$Q$18-1),MATCH(19,Eingabe!$P$9:$P$18,1),"") -> 1 | J24: =IF(I24="","",19-INDEX(Eingabe!$P$9:$P$18,I24)) -> 18 | K24: =IF(I24="","",INDEX(Eingabe!$E$9:$E$18,I24)) -> 85
A25: =IF(I25="","",IF(J25=0,"Sparte "&I25&": "&INDEX(Eingabe!$B$9:$B$18,I25)&" (Sparten-ID "&INDEX(Eingabe!$D$9:$D$18,I25)&", "&K25&" Parzellen)",IF(J25<=K25," Parzelle "&J25,IF(J25=K25+1," Vorstand",IF(J25=K25+2," Gäste",IF(J25=K25+3," Technik (Switches, Access Points)","")))))) -> Parzelle 19 | B25: =IF(I25="","",IF(AND(J25>=1,J25<=K25+3),IF(J25<=K25,IF(J25<=99,IF((INDEX(Eingabe!$G$9:$G$18,I25))<=9,1000+(INDEX(Eingabe!$G$9:$G$18,I25))*100,3000)+J25,IF((INDEX(Eingabe!$G$9:$G$18,I25)+1)<=9,1000+(INDEX(Eingabe!$G$9:$G$18,I25)+1)*100,3000)+J25-100),IF(J25=K25+1,2000+INDEX(Eingabe!$G$9:$G$18,I25)*10+1,IF(J25=K25+2,2000+INDEX(Eingabe!$G$9:$G$18,I25)*10+2,2000+INDEX(Eingabe!$G$9:$G$18,I25)*10+9))),"")) -> 1119 | C25: =IF(I25="","",IF(AND(J25>=1,J25<=K25+3),"10."&INDEX(Eingabe!$D$9:$D$18,I25)&"."&IF(J25<=K25,J25,IF(J25=K25+1,200,IF(J25=K25+2,201,250)))&".0/24","")) -> 10.1.19.0/24 | D25: =IF(I25="","",IF(AND(J25>=1,J25<=K25+3),"255.255.255.0","")) -> 255.255.255.0 | E25: =IF(I25="","",IF(AND(J25>=1,J25<=K25+3),"10."&INDEX(Eingabe!$D$9:$D$18,I25)&"."&IF(J25<=K25,J25,IF(J25=K25+1,200,IF(J25=K25+2,201,250)))&".1","")) -> 10.1.19.1 | F25: =IF(I25="","",IF(AND(J25>=1,J25<=K25+3),"10."&INDEX(Eingabe!$D$9:$D$18,I25)&"."&IF(J25<=K25,J25,IF(J25=K25+1,200,IF(J25=K25+2,201,250)))&".10 – 10."&INDEX(Eingabe!$D$9:$D$18,I25)&"."&IF(J25<=K25,J25,IF(J25=K25+1,200,IF(J25=K25+2,201,250)))&".250","")) -> 10.1.19.10 – 10.1.19.250 | G25: =IF(I25="","",IF(AND(J25>=1,J25<=K25),Eingabe!$B$6&"-"&INDEX(Eingabe!$C$9:$C$18,I25)&"-Pächter · Passwort Parzelle "&J25,IF(J25=K25+1,Eingabe!$B$6&"-"&INDEX(Eingabe!$C$9:$C$18,I25)&"-Vorstand · eigenes WLAN",IF(J25=K25+2,Eingabe!$B$6&"-"&INDEX(Eingabe!$C$9:$C$18,I25)&"-Gäste · Voucher",IF(J25=K25+3,"Kabel · Access Point y = .(50+y), Mast-Switch x = .(10+x)",""))))) -> SparteNet.de-BW-Pächter · Passwort Parzelle 19 | I25: =IF(20<=(Eingabe!$P$18+Eingabe!$Q$18-1),MATCH(20,Eingabe!$P$9:$P$18,1),"") -> 1 | J25: =IF(I25="","",20-INDEX(Eingabe!$P$9:$P$18,I25)) -> 19 | K25: =IF(I25="","",INDEX(Eingabe!$E$9:$E$18,I25)) -> 85
A26: =IF(I26="","",IF(J26=0,"Sparte "&I26&": "&INDEX(Eingabe!$B$9:$B$18,I26)&" (Sparten-ID "&INDEX(Eingabe!$D$9:$D$18,I26)&", "&K26&" Parzellen)",IF(J26<=K26," Parzelle "&J26,IF(J26=K26+1," Vorstand",IF(J26=K26+2," Gäste",IF(J26=K26+3," Technik (Switches, Access Points)","")))))) -> Parzelle 20 | B26: =IF(I26="","",IF(AND(J26>=1,J26<=K26+3),IF(J26<=K26,IF(J26<=99,IF((INDEX(Eingabe!$G$9:$G$18,I26))<=9,1000+(INDEX(Eingabe!$G$9:$G$18,I26))*100,3000)+J26,IF((INDEX(Eingabe!$G$9:$G$18,I26)+1)<=9,1000+(INDEX(Eingabe!$G$9:$G$18,I26)+1)*100,3000)+J26-100),IF(J26=K26+1,2000+INDEX(Eingabe!$G$9:$G$18,I26)*10+1,IF(J26=K26+2,2000+INDEX(Eingabe!$G$9:$G$18,I26)*10+2,2000+INDEX(Eingabe!$G$9:$G$18,I26)*10+9))),"")) -> 1120 | C26: =IF(I26="","",IF(AND(J26>=1,J26<=K26+3),"10."&INDEX(Eingabe!$D$9:$D$18,I26)&"."&IF(J26<=K26,J26,IF(J26=K26+1,200,IF(J26=K26+2,201,250)))&".0/24","")) -> 10.1.20.0/24 | D26: =IF(I26="","",IF(AND(J26>=1,J26<=K26+3),"255.255.255.0","")) -> 255.255.255.0 | E26: =IF(I26="","",IF(AND(J26>=1,J26<=K26+3),"10."&INDEX(Eingabe!$D$9:$D$18,I26)&"."&IF(J26<=K26,J26,IF(J26=K26+1,200,IF(J26=K26+2,201,250)))&".1","")) -> 10.1.20.1 | F26: =IF(I26="","",IF(AND(J26>=1,J26<=K26+3),"10."&INDEX(Eingabe!$D$9:$D$18,I26)&"."&IF(J26<=K26,J26,IF(J26=K26+1,200,IF(J26=K26+2,201,250)))&".10 – 10."&INDEX(Eingabe!$D$9:$D$18,I26)&"."&IF(J26<=K26,J26,IF(J26=K26+1,200,IF(J26=K26+2,201,250)))&".250","")) -> 10.1.20.10 – 10.1.20.250 | G26: =IF(I26="","",IF(AND(J26>=1,J26<=K26),Eingabe!$B$6&"-"&INDEX(Eingabe!$C$9:$C$18,I26)&"-Pächter · Passwort Parzelle "&J26,IF(J26=K26+1,Eingabe!$B$6&"-"&INDEX(Eingabe!$C$9:$C$18,I26)&"-Vorstand · eigenes WLAN",IF(J26=K26+2,Eingabe!$B$6&"-"&INDEX(Eingabe!$C$9:$C$18,I26)&"-Gäste · Voucher",IF(J26=K26+3,"Kabel · Access Point y = .(50+y), Mast-Switch x = .(10+x)",""))))) -> SparteNet.de-BW-Pächter · Passwort Parzelle 20 | I26: =IF(21<=(Eingabe!$P$18+Eingabe!$Q$18-1),MATCH(21,Eingabe!$P$9:$P$18,1),"") -> 1 | J26: =IF(I26="","",21-INDEX(Eingabe!$P$9:$P$18,I26)) -> 20 | K26: =IF(I26="","",INDEX(Eingabe!$E$9:$E$18,I26)) -> 85
A27: =IF(I27="","",IF(J27=0,"Sparte "&I27&": "&INDEX(Eingabe!$B$9:$B$18,I27)&" (Sparten-ID "&INDEX(Eingabe!$D$9:$D$18,I27)&", "&K27&" Parzellen)",IF(J27<=K27," Parzelle "&J27,IF(J27=K27+1," Vorstand",IF(J27=K27+2," Gäste",IF(J27=K27+3," Technik (Switches, Access Points)","")))))) -> Parzelle 21 | B27: =IF(I27="","",IF(AND(J27>=1,J27<=K27+3),IF(J27<=K27,IF(J27<=99,IF((INDEX(Eingabe!$G$9:$G$18,I27))<=9,1000+(INDEX(Eingabe!$G$9:$G$18,I27))*100,3000)+J27,IF((INDEX(Eingabe!$G$9:$G$18,I27)+1)<=9,1000+(INDEX(Eingabe!$G$9:$G$18,I27)+1)*100,3000)+J27-100),IF(J27=K27+1,2000+INDEX(Eingabe!$G$9:$G$18,I27)*10+1,IF(J27=K27+2,2000+INDEX(Eingabe!$G$9:$G$18,I27)*10+2,2000+INDEX(Eingabe!$G$9:$G$18,I27)*10+9))),"")) -> 1121 | C27: =IF(I27="","",IF(AND(J27>=1,J27<=K27+3),"10."&INDEX(Eingabe!$D$9:$D$18,I27)&"."&IF(J27<=K27,J27,IF(J27=K27+1,200,IF(J27=K27+2,201,250)))&".0/24","")) -> 10.1.21.0/24 | D27: =IF(I27="","",IF(AND(J27>=1,J27<=K27+3),"255.255.255.0","")) -> 255.255.255.0 | E27: =IF(I27="","",IF(AND(J27>=1,J27<=K27+3),"10."&INDEX(Eingabe!$D$9:$D$18,I27)&"."&IF(J27<=K27,J27,IF(J27=K27+1,200,IF(J27=K27+2,201,250)))&".1","")) -> 10.1.21.1 | F27: =IF(I27="","",IF(AND(J27>=1,J27<=K27+3),"10."&INDEX(Eingabe!$D$9:$D$18,I27)&"."&IF(J27<=K27,J27,IF(J27=K27+1,200,IF(J27=K27+2,201,250)))&".10 – 10."&INDEX(Eingabe!$D$9:$D$18,I27)&"."&IF(J27<=K27,J27,IF(J27=K27+1,200,IF(J27=K27+2,201,250)))&".250","")) -> 10.1.21.10 – 10.1.21.250 | G27: =IF(I27="","",IF(AND(J27>=1,J27<=K27),Eingabe!$B$6&"-"&INDEX(Eingabe!$C$9:$C$18,I27)&"-Pächter · Passwort Parzelle "&J27,IF(J27=K27+1,Eingabe!$B$6&"-"&INDEX(Eingabe!$C$9:$C$18,I27)&"-Vorstand · eigenes WLAN",IF(J27=K27+2,Eingabe!$B$6&"-"&INDEX(Eingabe!$C$9:$C$18,I27)&"-Gäste · Voucher",IF(J27=K27+3,"Kabel · Access Point y = .(50+y), Mast-Switch x = .(10+x)",""))))) -> SparteNet.de-BW-Pächter · Passwort Parzelle 21 | I27: =IF(22<=(Eingabe!$P$18+Eingabe!$Q$18-1),MATCH(22,Eingabe!$P$9:$P$18,1),"") -> 1 | J27: =IF(I27="","",22-INDEX(Eingabe!$P$9:$P$18,I27)) -> 21 | K27: =IF(I27="","",INDEX(Eingabe!$E$9:$E$18,I27)) -> 85
A28: =IF(I28="","",IF(J28=0,"Sparte "&I28&": "&INDEX(Eingabe!$B$9:$B$18,I28)&" (Sparten-ID "&INDEX(Eingabe!$D$9:$D$18,I28)&", "&K28&" Parzellen)",IF(J28<=K28," Parzelle "&J28,IF(J28=K28+1," Vorstand",IF(J28=K28+2," Gäste",IF(J28=K28+3," Technik (Switches, Access Points)","")))))) -> Parzelle 22 | B28: =IF(I28="","",IF(AND(J28>=1,J28<=K28+3),IF(J28<=K28,IF(J28<=99,IF((INDEX(Eingabe!$G$9:$G$18,I28))<=9,1000+(INDEX(Eingabe!$G$9:$G$18,I28))*100,3000)+J28,IF((INDEX(Eingabe!$G$9:$G$18,I28)+1)<=9,1000+(INDEX(Eingabe!$G$9:$G$18,I28)+1)*100,3000)+J28-100),IF(J28=K28+1,2000+INDEX(Eingabe!$G$9:$G$18,I28)*10+1,IF(J28=K28+2,2000+INDEX(Eingabe!$G$9:$G$18,I28)*10+2,2000+INDEX(Eingabe!$G$9:$G$18,I28)*10+9))),"")) -> 1122 | C28: =IF(I28="","",IF(AND(J28>=1,J28<=K28+3),"10."&INDEX(Eingabe!$D$9:$D$18,I28)&"."&IF(J28<=K28,J28,IF(J28=K28+1,200,IF(J28=K28+2,201,250)))&".0/24","")) -> 10.1.22.0/24 | D28: =IF(I28="","",IF(AND(J28>=1,J28<=K28+3),"255.255.255.0","")) -> 255.255.255.0 | E28: =IF(I28="","",IF(AND(J28>=1,J28<=K28+3),"10."&INDEX(Eingabe!$D$9:$D$18,I28)&"."&IF(J28<=K28,J28,IF(J28=K28+1,200,IF(J28=K28+2,201,250)))&".1","")) -> 10.1.22.1 | F28: =IF(I28="","",IF(AND(J28>=1,J28<=K28+3),"10."&INDEX(Eingabe!$D$9:$D$18,I28)&"."&IF(J28<=K28,J28,IF(J28=K28+1,200,IF(J28=K28+2,201,250)))&".10 – 10."&INDEX(Eingabe!$D$9:$D$18,I28)&"."&IF(J28<=K28,J28,IF(J28=K28+1,200,IF(J28=K28+2,201,250)))&".250","")) -> 10.1.22.10 – 10.1.22.250 | G28: =IF(I28="","",IF(AND(J28>=1,J28<=K28),Eingabe!$B$6&"-"&INDEX(Eingabe!$C$9:$C$18,I28)&"-Pächter · Passwort Parzelle "&J28,IF(J28=K28+1,Eingabe!$B$6&"-"&INDEX(Eingabe!$C$9:$C$18,I28)&"-Vorstand · eigenes WLAN",IF(J28=K28+2,Eingabe!$B$6&"-"&INDEX(Eingabe!$C$9:$C$18,I28)&"-Gäste · Voucher",IF(J28=K28+3,"Kabel · Access Point y = .(50+y), Mast-Switch x = .(10+x)",""))))) -> SparteNet.de-BW-Pächter · Passwort Parzelle 22 | I28: =IF(23<=(Eingabe!$P$18+Eingabe!$Q$18-1),MATCH(23,Eingabe!$P$9:$P$18,1),"") -> 1 | J28: =IF(I28="","",23-INDEX(Eingabe!$P$9:$P$18,I28)) -> 22 | K28: =IF(I28="","",INDEX(Eingabe!$E$9:$E$18,I28)) -> 85
A29: =IF(I29="","",IF(J29=0,"Sparte "&I29&": "&INDEX(Eingabe!$B$9:$B$18,I29)&" (Sparten-ID "&INDEX(Eingabe!$D$9:$D$18,I29)&", "&K29&" Parzellen)",IF(J29<=K29," Parzelle "&J29,IF(J29=K29+1," Vorstand",IF(J29=K29+2," Gäste",IF(J29=K29+3," Technik (Switches, Access Points)","")))))) -> Parzelle 23 | B29: =IF(I29="","",IF(AND(J29>=1,J29<=K29+3),IF(J29<=K29,IF(J29<=99,IF((INDEX(Eingabe!$G$9:$G$18,I29))<=9,1000+(INDEX(Eingabe!$G$9:$G$18,I29))*100,3000)+J29,IF((INDEX(Eingabe!$G$9:$G$18,I29)+1)<=9,1000+(INDEX(Eingabe!$G$9:$G$18,I29)+1)*100,3000)+J29-100),IF(J29=K29+1,2000+INDEX(Eingabe!$G$9:$G$18,I29)*10+1,IF(J29=K29+2,2000+INDEX(Eingabe!$G$9:$G$18,I29)*10+2,2000+INDEX(Eingabe!$G$9:$G$18,I29)*10+9))),"")) -> 1123 | C29: =IF(I29="","",IF(AND(J29>=1,J29<=K29+3),"10."&INDEX(Eingabe!$D$9:$D$18,I29)&"."&IF(J29<=K29,J29,IF(J29=K29+1,200,IF(J29=K29+2,201,250)))&".0/24","")) -> 10.1.23.0/24 | D29: =IF(I29="","",IF(AND(J29>=1,J29<=K29+3),"255.255.255.0","")) -> 255.255.255.0 | E29: =IF(I29="","",IF(AND(J29>=1,J29<=K29+3),"10."&INDEX(Eingabe!$D$9:$D$18,I29)&"."&IF(J29<=K29,J29,IF(J29=K29+1,200,IF(J29=K29+2,201,250)))&".1","")) -> 10.1.23.1 | F29: =IF(I29="","",IF(AND(J29>=1,J29<=K29+3),"10."&INDEX(Eingabe!$D$9:$D$18,I29)&"."&IF(J29<=K29,J29,IF(J29=K29+1,200,IF(J29=K29+2,201,250)))&".10 – 10."&INDEX(Eingabe!$D$9:$D$18,I29)&"."&IF(J29<=K29,J29,IF(J29=K29+1,200,IF(J29=K29+2,201,250)))&".250","")) -> 10.1.23.10 – 10.1.23.250 | G29: =IF(I29="","",IF(AND(J29>=1,J29<=K29),Eingabe!$B$6&"-"&INDEX(Eingabe!$C$9:$C$18,I29)&"-Pächter · Passwort Parzelle "&J29,IF(J29=K29+1,Eingabe!$B$6&"-"&INDEX(Eingabe!$C$9:$C$18,I29)&"-Vorstand · eigenes WLAN",IF(J29=K29+2,Eingabe!$B$6&"-"&INDEX(Eingabe!$C$9:$C$18,I29)&"-Gäste · Voucher",IF(J29=K29+3,"Kabel · Access Point y = .(50+y), Mast-Switch x = .(10+x)",""))))) -> SparteNet.de-BW-Pächter · Passwort Parzelle 23 | I29: =IF(24<=(Eingabe!$P$18+Eingabe!$Q$18-1),MATCH(24,Eingabe!$P$9:$P$18,1),"") -> 1 | J29: =IF(I29="","",24-INDEX(Eingabe!$P$9:$P$18,I29)) -> 23 | K29: =IF(I29="","",INDEX(Eingabe!$E$9:$E$18,I29)) -> 85
A30: =IF(I30="","",IF(J30=0,"Sparte "&I30&": "&INDEX(Eingabe!$B$9:$B$18,I30)&" (Sparten-ID "&INDEX(Eingabe!$D$9:$D$18,I30)&", "&K30&" Parzellen)",IF(J30<=K30," Parzelle "&J30,IF(J30=K30+1," Vorstand",IF(J30=K30+2," Gäste",IF(J30=K30+3," Technik (Switches, Access Points)","")))))) -> Parzelle 24 | B30: =IF(I30="","",IF(AND(J30>=1,J30<=K30+3),IF(J30<=K30,IF(J30<=99,IF((INDEX(Eingabe!$G$9:$G$18,I30))<=9,1000+(INDEX(Eingabe!$G$9:$G$18,I30))*100,3000)+J30,IF((INDEX(Eingabe!$G$9:$G$18,I30)+1)<=9,1000+(INDEX(Eingabe!$G$9:$G$18,I30)+1)*100,3000)+J30-100),IF(J30=K30+1,2000+INDEX(Eingabe!$G$9:$G$18,I30)*10+1,IF(J30=K30+2,2000+INDEX(Eingabe!$G$9:$G$18,I30)*10+2,2000+INDEX(Eingabe!$G$9:$G$18,I30)*10+9))),"")) -> 1124 | C30: =IF(I30="","",IF(AND(J30>=1,J30<=K30+3),"10."&INDEX(Eingabe!$D$9:$D$18,I30)&"."&IF(J30<=K30,J30,IF(J30=K30+1,200,IF(J30=K30+2,201,250)))&".0/24","")) -> 10.1.24.0/24 | D30: =IF(I30="","",IF(AND(J30>=1,J30<=K30+3),"255.255.255.0","")) -> 255.255.255.0 | E30: =IF(I30="","",IF(AND(J30>=1,J30<=K30+3),"10."&INDEX(Eingabe!$D$9:$D$18,I30)&"."&IF(J30<=K30,J30,IF(J30=K30+1,200,IF(J30=K30+2,201,250)))&".1","")) -> 10.1.24.1 | F30: =IF(I30="","",IF(AND(J30>=1,J30<=K30+3),"10."&INDEX(Eingabe!$D$9:$D$18,I30)&"."&IF(J30<=K30,J30,IF(J30=K30+1,200,IF(J30=K30+2,201,250)))&".10 – 10."&INDEX(Eingabe!$D$9:$D$18,I30)&"."&IF(J30<=K30,J30,IF(J30=K30+1,200,IF(J30=K30+2,201,250)))&".250","")) -> 10.1.24.10 – 10.1.24.250 | G30: =IF(I30="","",IF(AND(J30>=1,J30<=K30),Eingabe!$B$6&"-"&INDEX(Eingabe!$C$9:$C$18,I30)&"-Pächter · Passwort Parzelle "&J30,IF(J30=K30+1,Eingabe!$B$6&"-"&INDEX(Eingabe!$C$9:$C$18,I30)&"-Vorstand · eigenes WLAN",IF(J30=K30+2,Eingabe!$B$6&"-"&INDEX(Eingabe!$C$9:$C$18,I30)&"-Gäste · Voucher",IF(J30=K30+3,"Kabel · Access Point y = .(50+y), Mast-Switch x = .(10+x)",""))))) -> SparteNet.de-BW-Pächter · Passwort Parzelle 24 | I30: =IF(25<=(Eingabe!$P$18+Eingabe!$Q$18-1),MATCH(25,Eingabe!$P$9:$P$18,1),"") -> 1 | J30: =IF(I30="","",25-INDEX(Eingabe!$P$9:$P$18,I30)) -> 24 | K30: =IF(I30="","",INDEX(Eingabe!$E$9:$E$18,I30)) -> 85
A31: =IF(I31="","",IF(J31=0,"Sparte "&I31&": "&INDEX(Eingabe!$B$9:$B$18,I31)&" (Sparten-ID "&INDEX(Eingabe!$D$9:$D$18,I31)&", "&K31&" Parzellen)",IF(J31<=K31," Parzelle "&J31,IF(J31=K31+1," Vorstand",IF(J31=K31+2," Gäste",IF(J31=K31+3," Technik (Switches, Access Points)","")))))) -> Parzelle 25 | B31: =IF(I31="","",IF(AND(J31>=1,J31<=K31+3),IF(J31<=K31,IF(J31<=99,IF((INDEX(Eingabe!$G$9:$G$18,I31))<=9,1000+(INDEX(Eingabe!$G$9:$G$18,I31))*100,3000)+J31,IF((INDEX(Eingabe!$G$9:$G$18,I31)+1)<=9,1000+(INDEX(Eingabe!$G$9:$G$18,I31)+1)*100,3000)+J31-100),IF(J31=K31+1,2000+INDEX(Eingabe!$G$9:$G$18,I31)*10+1,IF(J31=K31+2,2000+INDEX(Eingabe!$G$9:$G$18,I31)*10+2,2000+INDEX(Eingabe!$G$9:$G$18,I31)*10+9))),"")) -> 1125 | C31: =IF(I31="","",IF(AND(J31>=1,J31<=K31+3),"10."&INDEX(Eingabe!$D$9:$D$18,I31)&"."&IF(J31<=K31,J31,IF(J31=K31+1,200,IF(J31=K31+2,201,250)))&".0/24","")) -> 10.1.25.0/24 | D31: =IF(I31="","",IF(AND(J31>=1,J31<=K31+3),"255.255.255.0","")) -> 255.255.255.0 | E31: =IF(I31="","",IF(AND(J31>=1,J31<=K31+3),"10."&INDEX(Eingabe!$D$9:$D$18,I31)&"."&IF(J31<=K31,J31,IF(J31=K31+1,200,IF(J31=K31+2,201,250)))&".1","")) -> 10.1.25.1 | F31: =IF(I31="","",IF(AND(J31>=1,J31<=K31+3),"10."&INDEX(Eingabe!$D$9:$D$18,I31)&"."&IF(J31<=K31,J31,IF(J31=K31+1,200,IF(J31=K31+2,201,250)))&".10 – 10."&INDEX(Eingabe!$D$9:$D$18,I31)&"."&IF(J31<=K31,J31,IF(J31=K31+1,200,IF(J31=K31+2,201,250)))&".250","")) -> 10.1.25.10 – 10.1.25.250 | G31: =IF(I31="","",IF(AND(J31>=1,J31<=K31),Eingabe!$B$6&"-"&INDEX(Eingabe!$C$9:$C$18,I31)&"-Pächter · Passwort Parzelle "&J31,IF(J31=K31+1,Eingabe!$B$6&"-"&INDEX(Eingabe!$C$9:$C$18,I31)&"-Vorstand · eigenes WLAN",IF(J31=K31+2,Eingabe!$B$6&"-"&INDEX(Eingabe!$C$9:$C$18,I31)&"-Gäste · Voucher",IF(J31=K31+3,"Kabel · Access Point y = .(50+y), Mast-Switch x = .(10+x)",""))))) -> SparteNet.de-BW-Pächter · Passwort Parzelle 25 | I31: =IF(26<=(Eingabe!$P$18+Eingabe!$Q$18-1),MATCH(26,Eingabe!$P$9:$P$18,1),"") -> 1 | J31: =IF(I31="","",26-INDEX(Eingabe!$P$9:$P$18,I31)) -> 25 | K31: =IF(I31="","",INDEX(Eingabe!$E$9:$E$18,I31)) -> 85
A32: =IF(I32="","",IF(J32=0,"Sparte "&I32&": "&INDEX(Eingabe!$B$9:$B$18,I32)&" (Sparten-ID "&INDEX(Eingabe!$D$9:$D$18,I32)&", "&K32&" Parzellen)",IF(J32<=K32," Parzelle "&J32,IF(J32=K32+1," Vorstand",IF(J32=K32+2," Gäste",IF(J32=K32+3," Technik (Switches, Access Points)","")))))) -> Parzelle 26 | B32: =IF(I32="","",IF(AND(J32>=1,J32<=K32+3),IF(J32<=K32,IF(J32<=99,IF((INDEX(Eingabe!$G$9:$G$18,I32))<=9,1000+(INDEX(Eingabe!$G$9:$G$18,I32))*100,3000)+J32,IF((INDEX(Eingabe!$G$9:$G$18,I32)+1)<=9,1000+(INDEX(Eingabe!$G$9:$G$18,I32)+1)*100,3000)+J32-100),IF(J32=K32+1,2000+INDEX(Eingabe!$G$9:$G$18,I32)*10+1,IF(J32=K32+2,2000+INDEX(Eingabe!$G$9:$G$18,I32)*10+2,2000+INDEX(Eingabe!$G$9:$G$18,I32)*10+9))),"")) -> 1126 | C32: =IF(I32="","",IF(AND(J32>=1,J32<=K32+3),"10."&INDEX(Eingabe!$D$9:$D$18,I32)&"."&IF(J32<=K32,J32,IF(J32=K32+1,200,IF(J32=K32+2,201,250)))&".0/24","")) -> 10.1.26.0/24 | D32: =IF(I32="","",IF(AND(J32>=1,J32<=K32+3),"255.255.255.0","")) -> 255.255.255.0 | E32: =IF(I32="","",IF(AND(J32>=1,J32<=K32+3),"10."&INDEX(Eingabe!$D$9:$D$18,I32)&"."&IF(J32<=K32,J32,IF(J32=K32+1,200,IF(J32=K32+2,201,250)))&".1","")) -> 10.1.26.1 | F32: =IF(I32="","",IF(AND(J32>=1,J32<=K32+3),"10."&INDEX(Eingabe!$D$9:$D$18,I32)&"."&IF(J32<=K32,J32,IF(J32=K32+1,200,IF(J32=K32+2,201,250)))&".10 – 10."&INDEX(Eingabe!$D$9:$D$18,I32)&"."&IF(J32<=K32,J32,IF(J32=K32+1,200,IF(J32=K32+2,201,250)))&".250","")) -> 10.1.26.10 – 10.1.26.250 | G32: =IF(I32="","",IF(AND(J32>=1,J32<=K32),Eingabe!$B$6&"-"&INDEX(Eingabe!$C$9:$C$18,I32)&"-Pächter · Passwort Parzelle "&J32,IF(J32=K32+1,Eingabe!$B$6&"-"&INDEX(Eingabe!$C$9:$C$18,I32)&"-Vorstand · eigenes WLAN",IF(J32=K32+2,Eingabe!$B$6&"-"&INDEX(Eingabe!$C$9:$C$18,I32)&"-Gäste · Voucher",IF(J32=K32+3,"Kabel · Access Point y = .(50+y), Mast-Switch x = .(10+x)",""))))) -> SparteNet.de-BW-Pächter · Passwort Parzelle 26 | I32: =IF(27<=(Eingabe!$P$18+Eingabe!$Q$18-1),MATCH(27,Eingabe!$P$9:$P$18,1),"") -> 1 | J32: =IF(I32="","",27-INDEX(Eingabe!$P$9:$P$18,I32)) -> 26 | K32: =IF(I32="","",INDEX(Eingabe!$E$9:$E$18,I32)) -> 85
A33: =IF(I33="","",IF(J33=0,"Sparte "&I33&": "&INDEX(Eingabe!$B$9:$B$18,I33)&" (Sparten-ID "&INDEX(Eingabe!$D$9:$D$18,I33)&", "&K33&" Parzellen)",IF(J33<=K33," Parzelle "&J33,IF(J33=K33+1," Vorstand",IF(J33=K33+2," Gäste",IF(J33=K33+3," Technik (Switches, Access Points)","")))))) -> Parzelle 27 | B33: =IF(I33="","",IF(AND(J33>=1,J33<=K33+3),IF(J33<=K33,IF(J33<=99,IF((INDEX(Eingabe!$G$9:$G$18,I33))<=9,1000+(INDEX(Eingabe!$G$9:$G$18,I33))*100,3000)+J33,IF((INDEX(Eingabe!$G$9:$G$18,I33)+1)<=9,1000+(INDEX(Eingabe!$G$9:$G$18,I33)+1)*100,3000)+J33-100),IF(J33=K33+1,2000+INDEX(Eingabe!$G$9:$G$18,I33)*10+1,IF(J33=K33+2,2000+INDEX(Eingabe!$G$9:$G$18,I33)*10+2,2000+INDEX(Eingabe!$G$9:$G$18,I33)*10+9))),"")) -> 1127 | C33: =IF(I33="","",IF(AND(J33>=1,J33<=K33+3),"10."&INDEX(Eingabe!$D$9:$D$18,I33)&"."&IF(J33<=K33,J33,IF(J33=K33+1,200,IF(J33=K33+2,201,250)))&".0/24","")) -> 10.1.27.0/24 | D33: =IF(I33="","",IF(AND(J33>=1,J33<=K33+3),"255.255.255.0","")) -> 255.255.255.0 | E33: =IF(I33="","",IF(AND(J33>=1,J33<=K33+3),"10."&INDEX(Eingabe!$D$9:$D$18,I33)&"."&IF(J33<=K33,J33,IF(J33=K33+1,200,IF(J33=K33+2,201,250)))&".1","")) -> 10.1.27.1 | F33: =IF(I33="","",IF(AND(J33>=1,J33<=K33+3),"10."&INDEX(Eingabe!$D$9:$D$18,I33)&"."&IF(J33<=K33,J33,IF(J33=K33+1,200,IF(J33=K33+2,201,250)))&".10 – 10."&INDEX(Eingabe!$D$9:$D$18,I33)&"."&IF(J33<=K33,J33,IF(J33=K33+1,200,IF(J33=K33+2,201,250)))&".250","")) -> 10.1.27.10 – 10.1.27.250 | G33: =IF(I33="","",IF(AND(J33>=1,J33<=K33),Eingabe!$B$6&"-"&INDEX(Eingabe!$C$9:$C$18,I33)&"-Pächter · Passwort Parzelle "&J33,IF(J33=K33+1,Eingabe!$B$6&"-"&INDEX(Eingabe!$C$9:$C$18,I33)&"-Vorstand · eigenes WLAN",IF(J33=K33+2,Eingabe!$B$6&"-"&INDEX(Eingabe!$C$9:$C$18,I33)&"-Gäste · Voucher",IF(J33=K33+3,"Kabel · Access Point y = .(50+y), Mast-Switch x = .(10+x)",""))))) -> SparteNet.de-BW-Pächter · Passwort Parzelle 27 | I33: =IF(28<=(Eingabe!$P$18+Eingabe!$Q$18-1),MATCH(28,Eingabe!$P$9:$P$18,1),"") -> 1 | J33: =IF(I33="","",28-INDEX(Eingabe!$P$9:$P$18,I33)) -> 27 | K33: =IF(I33="","",INDEX(Eingabe!$E$9:$E$18,I33)) -> 85
A34: =IF(I34="","",IF(J34=0,"Sparte "&I34&": "&INDEX(Eingabe!$B$9:$B$18,I34)&" (Sparten-ID "&INDEX(Eingabe!$D$9:$D$18,I34)&", "&K34&" Parzellen)",IF(J34<=K34," Parzelle "&J34,IF(J34=K34+1," Vorstand",IF(J34=K34+2," Gäste",IF(J34=K34+3," Technik (Switches, Access Points)","")))))) -> Parzelle 28 | B34: =IF(I34="","",IF(AND(J34>=1,J34<=K34+3),IF(J34<=K34,IF(J34<=99,IF((INDEX(Eingabe!$G$9:$G$18,I34))<=9,1000+(INDEX(Eingabe!$G$9:$G$18,I34))*100,3000)+J34,IF((INDEX(Eingabe!$G$9:$G$18,I34)+1)<=9,1000+(INDEX(Eingabe!$G$9:$G$18,I34)+1)*100,3000)+J34-100),IF(J34=K34+1,2000+INDEX(Eingabe!$G$9:$G$18,I34)*10+1,IF(J34=K34+2,2000+INDEX(Eingabe!$G$9:$G$18,I34)*10+2,2000+INDEX(Eingabe!$G$9:$G$18,I34)*10+9))),"")) -> 1128 | C34: =IF(I34="","",IF(AND(J34>=1,J34<=K34+3),"10."&INDEX(Eingabe!$D$9:$D$18,I34)&"."&IF(J34<=K34,J34,IF(J34=K34+1,200,IF(J34=K34+2,201,250)))&".0/24","")) -> 10.1.28.0/24 | D34: =IF(I34="","",IF(AND(J34>=1,J34<=K34+3),"255.255.255.0","")) -> 255.255.255.0 | E34: =IF(I34="","",IF(AND(J34>=1,J34<=K34+3),"10."&INDEX(Eingabe!$D$9:$D$18,I34)&"."&IF(J34<=K34,J34,IF(J34=K34+1,200,IF(J34=K34+2,201,250)))&".1","")) -> 10.1.28.1 | F34: =IF(I34="","",IF(AND(J34>=1,J34<=K34+3),"10."&INDEX(Eingabe!$D$9:$D$18,I34)&"."&IF(J34<=K34,J34,IF(J34=K34+1,200,IF(J34=K34+2,201,250)))&".10 – 10."&INDEX(Eingabe!$D$9:$D$18,I34)&"."&IF(J34<=K34,J34,IF(J34=K34+1,200,IF(J34=K34+2,201,250)))&".250","")) -> 10.1.28.10 – 10.1.28.250 | G34: =IF(I34="","",IF(AND(J34>=1,J34<=K34),Eingabe!$B$6&"-"&INDEX(Eingabe!$C$9:$C$18,I34)&"-Pächter · Passwort Parzelle "&J34,IF(J34=K34+1,Eingabe!$B$6&"-"&INDEX(Eingabe!$C$9:$C$18,I34)&"-Vorstand · eigenes WLAN",IF(J34=K34+2,Eingabe!$B$6&"-"&INDEX(Eingabe!$C$9:$C$18,I34)&"-Gäste · Voucher",IF(J34=K34+3,"Kabel · Access Point y = .(50+y), Mast-Switch x = .(10+x)",""))))) -> SparteNet.de-BW-Pächter · Passwort Parzelle 28 | I34: =IF(29<=(Eingabe!$P$18+Eingabe!$Q$18-1),MATCH(29,Eingabe!$P$9:$P$18,1),"") -> 1 | J34: =IF(I34="","",29-INDEX(Eingabe!$P$9:$P$18,I34)) -> 28 | K34: =IF(I34="","",INDEX(Eingabe!$E$9:$E$18,I34)) -> 85
A35: =IF(I35="","",IF(J35=0,"Sparte "&I35&": "&INDEX(Eingabe!$B$9:$B$18,I35)&" (Sparten-ID "&INDEX(Eingabe!$D$9:$D$18,I35)&", "&K35&" Parzellen)",IF(J35<=K35," Parzelle "&J35,IF(J35=K35+1," Vorstand",IF(J35=K35+2," Gäste",IF(J35=K35+3," Technik (Switches, Access Points)","")))))) -> Parzelle 29 | B35: =IF(I35="","",IF(AND(J35>=1,J35<=K35+3),IF(J35<=K35,IF(J35<=99,IF((INDEX(Eingabe!$G$9:$G$18,I35))<=9,1000+(INDEX(Eingabe!$G$9:$G$18,I35))*100,3000)+J35,IF((INDEX(Eingabe!$G$9:$G$18,I35)+1)<=9,1000+(INDEX(Eingabe!$G$9:$G$18,I35)+1)*100,3000)+J35-100),IF(J35=K35+1,2000+INDEX(Eingabe!$G$9:$G$18,I35)*10+1,IF(J35=K35+2,2000+INDEX(Eingabe!$G$9:$G$18,I35)*10+2,2000+INDEX(Eingabe!$G$9:$G$18,I35)*10+9))),"")) -> 1129 | C35: =IF(I35="","",IF(AND(J35>=1,J35<=K35+3),"10."&INDEX(Eingabe!$D$9:$D$18,I35)&"."&IF(J35<=K35,J35,IF(J35=K35+1,200,IF(J35=K35+2,201,250)))&".0/24","")) -> 10.1.29.0/24 | D35: =IF(I35="","",IF(AND(J35>=1,J35<=K35+3),"255.255.255.0","")) -> 255.255.255.0 | E35: =IF(I35="","",IF(AND(J35>=1,J35<=K35+3),"10."&INDEX(Eingabe!$D$9:$D$18,I35)&"."&IF(J35<=K35,J35,IF(J35=K35+1,200,IF(J35=K35+2,201,250)))&".1","")) -> 10.1.29.1 | F35: =IF(I35="","",IF(AND(J35>=1,J35<=K35+3),"10."&INDEX(Eingabe!$D$9:$D$18,I35)&"."&IF(J35<=K35,J35,IF(J35=K35+1,200,IF(J35=K35+2,201,250)))&".10 – 10."&INDEX(Eingabe!$D$9:$D$18,I35)&"."&IF(J35<=K35,J35,IF(J35=K35+1,200,IF(J35=K35+2,201,250)))&".250","")) -> 10.1.29.10 – 10.1.29.250 | G35: =IF(I35="","",IF(AND(J35>=1,J35<=K35),Eingabe!$B$6&"-"&INDEX(Eingabe!$C$9:$C$18,I35)&"-Pächter · Passwort Parzelle "&J35,IF(J35=K35+1,Eingabe!$B$6&"-"&INDEX(Eingabe!$C$9:$C$18,I35)&"-Vorstand · eigenes WLAN",IF(J35=K35+2,Eingabe!$B$6&"-"&INDEX(Eingabe!$C$9:$C$18,I35)&"-Gäste · Voucher",IF(J35=K35+3,"Kabel · Access Point y = .(50+y), Mast-Switch x = .(10+x)",""))))) -> SparteNet.de-BW-Pächter · Passwort Parzelle 29 | I35: =IF(30<=(Eingabe!$P$18+Eingabe!$Q$18-1),MATCH(30,Eingabe!$P$9:$P$18,1),"") -> 1 | J35: =IF(I35="","",30-INDEX(Eingabe!$P$9:$P$18,I35)) -> 29 | K35: =IF(I35="","",INDEX(Eingabe!$E$9:$E$18,I35)) -> 85
A36: =IF(I36="","",IF(J36=0,"Sparte "&I36&": "&INDEX(Eingabe!$B$9:$B$18,I36)&" (Sparten-ID "&INDEX(Eingabe!$D$9:$D$18,I36)&", "&K36&" Parzellen)",IF(J36<=K36," Parzelle "&J36,IF(J36=K36+1," Vorstand",IF(J36=K36+2," Gäste",IF(J36=K36+3," Technik (Switches, Access Points)","")))))) -> Parzelle 30 | B36: =IF(I36="","",IF(AND(J36>=1,J36<=K36+3),IF(J36<=K36,IF(J36<=99,IF((INDEX(Eingabe!$G$9:$G$18,I36))<=9,1000+(INDEX(Eingabe!$G$9:$G$18,I36))*100,3000)+J36,IF((INDEX(Eingabe!$G$9:$G$18,I36)+1)<=9,1000+(INDEX(Eingabe!$G$9:$G$18,I36)+1)*100,3000)+J36-100),IF(J36=K36+1,2000+INDEX(Eingabe!$G$9:$G$18,I36)*10+1,IF(J36=K36+2,2000+INDEX(Eingabe!$G$9:$G$18,I36)*10+2,2000+INDEX(Eingabe!$G$9:$G$18,I36)*10+9))),"")) -> 1130 | C36: =IF(I36="","",IF(AND(J36>=1,J36<=K36+3),"10."&INDEX(Eingabe!$D$9:$D$18,I36)&"."&IF(J36<=K36,J36,IF(J36=K36+1,200,IF(J36=K36+2,201,250)))&".0/24","")) -> 10.1.30.0/24 | D36: =IF(I36="","",IF(AND(J36>=1,J36<=K36+3),"255.255.255.0","")) -> 255.255.255.0 | E36: =IF(I36="","",IF(AND(J36>=1,J36<=K36+3),"10."&INDEX(Eingabe!$D$9:$D$18,I36)&"."&IF(J36<=K36,J36,IF(J36=K36+1,200,IF(J36=K36+2,201,250)))&".1","")) -> 10.1.30.1 | F36: =IF(I36="","",IF(AND(J36>=1,J36<=K36+3),"10."&INDEX(Eingabe!$D$9:$D$18,I36)&"."&IF(J36<=K36,J36,IF(J36=K36+1,200,IF(J36=K36+2,201,250)))&".10 – 10."&INDEX(Eingabe!$D$9:$D$18,I36)&"."&IF(J36<=K36,J36,IF(J36=K36+1,200,IF(J36=K36+2,201,250)))&".250","")) -> 10.1.30.10 – 10.1.30.250 | G36: =IF(I36="","",IF(AND(J36>=1,J36<=K36),Eingabe!$B$6&"-"&INDEX(Eingabe!$C$9:$C$18,I36)&"-Pächter · Passwort Parzelle "&J36,IF(J36=K36+1,Eingabe!$B$6&"-"&INDEX(Eingabe!$C$9:$C$18,I36)&"-Vorstand · eigenes WLAN",IF(J36=K36+2,Eingabe!$B$6&"-"&INDEX(Eingabe!$C$9:$C$18,I36)&"-Gäste · Voucher",IF(J36=K36+3,"Kabel · Access Point y = .(50+y), Mast-Switch x = .(10+x)",""))))) -> SparteNet.de-BW-Pächter · Passwort Parzelle 30 | I36: =IF(31<=(Eingabe!$P$18+Eingabe!$Q$18-1),MATCH(31,Eingabe!$P$9:$P$18,1),"") -> 1 | J36: =IF(I36="","",31-INDEX(Eingabe!$P$9:$P$18,I36)) -> 30 | K36: =IF(I36="","",INDEX(Eingabe!$E$9:$E$18,I36)) -> 85
A37: =IF(I37="","",IF(J37=0,"Sparte "&I37&": "&INDEX(Eingabe!$B$9:$B$18,I37)&" (Sparten-ID "&INDEX(Eingabe!$D$9:$D$18,I37)&", "&K37&" Parzellen)",IF(J37<=K37," Parzelle "&J37,IF(J37=K37+1," Vorstand",IF(J37=K37+2," Gäste",IF(J37=K37+3," Technik (Switches, Access Points)","")))))) -> Parzelle 31 | B37: =IF(I37="","",IF(AND(J37>=1,J37<=K37+3),IF(J37<=K37,IF(J37<=99,IF((INDEX(Eingabe!$G$9:$G$18,I37))<=9,1000+(INDEX(Eingabe!$G$9:$G$18,I37))*100,3000)+J37,IF((INDEX(Eingabe!$G$9:$G$18,I37)+1)<=9,1000+(INDEX(Eingabe!$G$9:$G$18,I37)+1)*100,3000)+J37-100),IF(J37=K37+1,2000+INDEX(Eingabe!$G$9:$G$18,I37)*10+1,IF(J37=K37+2,2000+INDEX(Eingabe!$G$9:$G$18,I37)*10+2,2000+INDEX(Eingabe!$G$9:$G$18,I37)*10+9))),"")) -> 1131 | C37: =IF(I37="","",IF(AND(J37>=1,J37<=K37+3),"10."&INDEX(Eingabe!$D$9:$D$18,I37)&"."&IF(J37<=K37,J37,IF(J37=K37+1,200,IF(J37=K37+2,201,250)))&".0/24","")) -> 10.1.31.0/24 | D37: =IF(I37="","",IF(AND(J37>=1,J37<=K37+3),"255.255.255.0","")) -> 255.255.255.0 | E37: =IF(I37="","",IF(AND(J37>=1,J37<=K37+3),"10."&INDEX(Eingabe!$D$9:$D$18,I37)&"."&IF(J37<=K37,J37,IF(J37=K37+1,200,IF(J37=K37+2,201,250)))&".1","")) -> 10.1.31.1 | F37: =IF(I37="","",IF(AND(J37>=1,J37<=K37+3),"10."&INDEX(Eingabe!$D$9:$D$18,I37)&"."&IF(J37<=K37,J37,IF(J37=K37+1,200,IF(J37=K37+2,201,250)))&".10 – 10."&INDEX(Eingabe!$D$9:$D$18,I37)&"."&IF(J37<=K37,J37,IF(J37=K37+1,200,IF(J37=K37+2,201,250)))&".250","")) -> 10.1.31.10 – 10.1.31.250 | G37: =IF(I37="","",IF(AND(J37>=1,J37<=K37),Eingabe!$B$6&"-"&INDEX(Eingabe!$C$9:$C$18,I37)&"-Pächter · Passwort Parzelle "&J37,IF(J37=K37+1,Eingabe!$B$6&"-"&INDEX(Eingabe!$C$9:$C$18,I37)&"-Vorstand · eigenes WLAN",IF(J37=K37+2,Eingabe!$B$6&"-"&INDEX(Eingabe!$C$9:$C$18,I37)&"-Gäste · Voucher",IF(J37=K37+3,"Kabel · Access Point y = .(50+y), Mast-Switch x = .(10+x)",""))))) -> SparteNet.de-BW-Pächter · Passwort Parzelle 31 | I37: =IF(32<=(Eingabe!$P$18+Eingabe!$Q$18-1),MATCH(32,Eingabe!$P$9:$P$18,1),"") -> 1 | J37: =IF(I37="","",32-INDEX(Eingabe!$P$9:$P$18,I37)) -> 31 | K37: =IF(I37="","",INDEX(Eingabe!$E$9:$E$18,I37)) -> 85
A38: =IF(I38="","",IF(J38=0,"Sparte "&I38&": "&INDEX(Eingabe!$B$9:$B$18,I38)&" (Sparten-ID "&INDEX(Eingabe!$D$9:$D$18,I38)&", "&K38&" Parzellen)",IF(J38<=K38," Parzelle "&J38,IF(J38=K38+1," Vorstand",IF(J38=K38+2," Gäste",IF(J38=K38+3," Technik (Switches, Access Points)","")))))) -> Parzelle 32 | B38: =IF(I38="","",IF(AND(J38>=1,J38<=K38+3),IF(J38<=K38,IF(J38<=99,IF((INDEX(Eingabe!$G$9:$G$18,I38))<=9,1000+(INDEX(Eingabe!$G$9:$G$18,I38))*100,3000)+J38,IF((INDEX(Eingabe!$G$9:$G$18,I38)+1)<=9,1000+(INDEX(Eingabe!$G$9:$G$18,I38)+1)*100,3000)+J38-100),IF(J38=K38+1,2000+INDEX(Eingabe!$G$9:$G$18,I38)*10+1,IF(J38=K38+2,2000+INDEX(Eingabe!$G$9:$G$18,I38)*10+2,2000+INDEX(Eingabe!$G$9:$G$18,I38)*10+9))),"")) -> 1132 | C38: =IF(I38="","",IF(AND(J38>=1,J38<=K38+3),"10."&INDEX(Eingabe!$D$9:$D$18,I38)&"."&IF(J38<=K38,J38,IF(J38=K38+1,200,IF(J38=K38+2,201,250)))&".0/24","")) -> 10.1.32.0/24 | D38: =IF(I38="","",IF(AND(J38>=1,J38<=K38+3),"255.255.255.0","")) -> 255.255.255.0 | E38: =IF(I38="","",IF(AND(J38>=1,J38<=K38+3),"10."&INDEX(Eingabe!$D$9:$D$18,I38)&"."&IF(J38<=K38,J38,IF(J38=K38+1,200,IF(J38=K38+2,201,250)))&".1","")) -> 10.1.32.1 | F38: =IF(I38="","",IF(AND(J38>=1,J38<=K38+3),"10."&INDEX(Eingabe!$D$9:$D$18,I38)&"."&IF(J38<=K38,J38,IF(J38=K38+1,200,IF(J38=K38+2,201,250)))&".10 – 10."&INDEX(Eingabe!$D$9:$D$18,I38)&"."&IF(J38<=K38,J38,IF(J38=K38+1,200,IF(J38=K38+2,201,250)))&".250","")) -> 10.1.32.10 – 10.1.32.250 | G38: =IF(I38="","",IF(AND(J38>=1,J38<=K38),Eingabe!$B$6&"-"&INDEX(Eingabe!$C$9:$C$18,I38)&"-Pächter · Passwort Parzelle "&J38,IF(J38=K38+1,Eingabe!$B$6&"-"&INDEX(Eingabe!$C$9:$C$18,I38)&"-Vorstand · eigenes WLAN",IF(J38=K38+2,Eingabe!$B$6&"-"&INDEX(Eingabe!$C$9:$C$18,I38)&"-Gäste · Voucher",IF(J38=K38+3,"Kabel · Access Point y = .(50+y), Mast-Switch x = .(10+x)",""))))) -> SparteNet.de-BW-Pächter · Passwort Parzelle 32 | I38: =IF(33<=(Eingabe!$P$18+Eingabe!$Q$18-1),MATCH(33,Eingabe!$P$9:$P$18,1),"") -> 1 | J38: =IF(I38="","",33-INDEX(Eingabe!$P$9:$P$18,I38)) -> 32 | K38: =IF(I38="","",INDEX(Eingabe!$E$9:$E$18,I38)) -> 85
A39: =IF(I39="","",IF(J39=0,"Sparte "&I39&": "&INDEX(Eingabe!$B$9:$B$18,I39)&" (Sparten-ID "&INDEX(Eingabe!$D$9:$D$18,I39)&", "&K39&" Parzellen)",IF(J39<=K39," Parzelle "&J39,IF(J39=K39+1," Vorstand",IF(J39=K39+2," Gäste",IF(J39=K39+3," Technik (Switches, Access Points)","")))))) -> Parzelle 33 | B39: =IF(I39="","",IF(AND(J39>=1,J39<=K39+3),IF(J39<=K39,IF(J39<=99,IF((INDEX(Eingabe!$G$9:$G$18,I39))<=9,1000+(INDEX(Eingabe!$G$9:$G$18,I39))*100,3000)+J39,IF((INDEX(Eingabe!$G$9:$G$18,I39)+1)<=9,1000+(INDEX(Eingabe!$G$9:$G$18,I39)+1)*100,3000)+J39-100),IF(J39=K39+1,2000+INDEX(Eingabe!$G$9:$G$18,I39)*10+1,IF(J39=K39+2,2000+INDEX(Eingabe!$G$9:$G$18,I39)*10+2,2000+INDEX(Eingabe!$G$9:$G$18,I39)*10+9))),"")) -> 1133 | C39: =IF(I39="","",IF(AND(J39>=1,J39<=K39+3),"10."&INDEX(Eingabe!$D$9:$D$18,I39)&"."&IF(J39<=K39,J39,IF(J39=K39+1,200,IF(J39=K39+2,201,250)))&".0/24","")) -> 10.1.33.0/24 | D39: =IF(I39="","",IF(AND(J39>=1,J39<=K39+3),"255.255.255.0","")) -> 255.255.255.0 | E39: =IF(I39="","",IF(AND(J39>=1,J39<=K39+3),"10."&INDEX(Eingabe!$D$9:$D$18,I39)&"."&IF(J39<=K39,J39,IF(J39=K39+1,200,IF(J39=K39+2,201,250)))&".1","")) -> 10.1.33.1 | F39: =IF(I39="","",IF(AND(J39>=1,J39<=K39+3),"10."&INDEX(Eingabe!$D$9:$D$18,I39)&"."&IF(J39<=K39,J39,IF(J39=K39+1,200,IF(J39=K39+2,201,250)))&".10 – 10."&INDEX(Eingabe!$D$9:$D$18,I39)&"."&IF(J39<=K39,J39,IF(J39=K39+1,200,IF(J39=K39+2,201,250)))&".250","")) -> 10.1.33.10 – 10.1.33.250 | G39: =IF(I39="","",IF(AND(J39>=1,J39<=K39),Eingabe!$B$6&"-"&INDEX(Eingabe!$C$9:$C$18,I39)&"-Pächter · Passwort Parzelle "&J39,IF(J39=K39+1,Eingabe!$B$6&"-"&INDEX(Eingabe!$C$9:$C$18,I39)&"-Vorstand · eigenes WLAN",IF(J39=K39+2,Eingabe!$B$6&"-"&INDEX(Eingabe!$C$9:$C$18,I39)&"-Gäste · Voucher",IF(J39=K39+3,"Kabel · Access Point y = .(50+y), Mast-Switch x = .(10+x)",""))))) -> SparteNet.de-BW-Pächter · Passwort Parzelle 33 | I39: =IF(34<=(Eingabe!$P$18+Eingabe!$Q$18-1),MATCH(34,Eingabe!$P$9:$P$18,1),"") -> 1 | J39: =IF(I39="","",34-INDEX(Eingabe!$P$9:$P$18,I39)) -> 33 | K39: =IF(I39="","",INDEX(Eingabe!$E$9:$E$18,I39)) -> 85
A40: =IF(I40="","",IF(J40=0,"Sparte "&I40&": "&INDEX(Eingabe!$B$9:$B$18,I40)&" (Sparten-ID "&INDEX(Eingabe!$D$9:$D$18,I40)&", "&K40&" Parzellen)",IF(J40<=K40," Parzelle "&J40,IF(J40=K40+1," Vorstand",IF(J40=K40+2," Gäste",IF(J40=K40+3," Technik (Switches, Access Points)","")))))) -> Parzelle 34 | B40: =IF(I40="","",IF(AND(J40>=1,J40<=K40+3),IF(J40<=K40,IF(J40<=99,IF((INDEX(Eingabe!$G$9:$G$18,I40))<=9,1000+(INDEX(Eingabe!$G$9:$G$18,I40))*100,3000)+J40,IF((INDEX(Eingabe!$G$9:$G$18,I40)+1)<=9,1000+(INDEX(Eingabe!$G$9:$G$18,I40)+1)*100,3000)+J40-100),IF(J40=K40+1,2000+INDEX(Eingabe!$G$9:$G$18,I40)*10+1,IF(J40=K40+2,2000+INDEX(Eingabe!$G$9:$G$18,I40)*10+2,2000+INDEX(Eingabe!$G$9:$G$18,I40)*10+9))),"")) -> 1134 | C40: =IF(I40="","",IF(AND(J40>=1,J40<=K40+3),"10."&INDEX(Eingabe!$D$9:$D$18,I40)&"."&IF(J40<=K40,J40,IF(J40=K40+1,200,IF(J40=K40+2,201,250)))&".0/24","")) -> 10.1.34.0/24 | D40: =IF(I40="","",IF(AND(J40>=1,J40<=K40+3),"255.255.255.0","")) -> 255.255.255.0 | E40: =IF(I40="","",IF(AND(J40>=1,J40<=K40+3),"10."&INDEX(Eingabe!$D$9:$D$18,I40)&"."&IF(J40<=K40,J40,IF(J40=K40+1,200,IF(J40=K40+2,201,250)))&".1","")) -> 10.1.34.1 | F40: =IF(I40="","",IF(AND(J40>=1,J40<=K40+3),"10."&INDEX(Eingabe!$D$9:$D$18,I40)&"."&IF(J40<=K40,J40,IF(J40=K40+1,200,IF(J40=K40+2,201,250)))&".10 – 10."&INDEX(Eingabe!$D$9:$D$18,I40)&"."&IF(J40<=K40,J40,IF(J40=K40+1,200,IF(J40=K40+2,201,250)))&".250","")) -> 10.1.34.10 – 10.1.34.250 | G40: =IF(I40="","",IF(AND(J40>=1,J40<=K40),Eingabe!$B$6&"-"&INDEX(Eingabe!$C$9:$C$18,I40)&"-Pächter · Passwort Parzelle "&J40,IF(J40=K40+1,Eingabe!$B$6&"-"&INDEX(Eingabe!$C$9:$C$18,I40)&"-Vorstand · eigenes WLAN",IF(J40=K40+2,Eingabe!$B$6&"-"&INDEX(Eingabe!$C$9:$C$18,I40)&"-Gäste · Voucher",IF(J40=K40+3,"Kabel · Access Point y = .(50+y), Mast-Switch x = .(10+x)",""))))) -> SparteNet.de-BW-Pächter · Passwort Parzelle 34 | I40: =IF(35<=(Eingabe!$P$18+Eingabe!$Q$18-1),MATCH(35,Eingabe!$P$9:$P$18,1),"") -> 1 | J40: =IF(I40="","",35-INDEX(Eingabe!$P$9:$P$18,I40)) -> 34 | K40: =IF(I40="","",INDEX(Eingabe!$E$9:$E$18,I40)) -> 85
A41: =IF(I41="","",IF(J41=0,"Sparte "&I41&": "&INDEX(Eingabe!$B$9:$B$18,I41)&" (Sparten-ID "&INDEX(Eingabe!$D$9:$D$18,I41)&", "&K41&" Parzellen)",IF(J41<=K41," Parzelle "&J41,IF(J41=K41+1," Vorstand",IF(J41=K41+2," Gäste",IF(J41=K41+3," Technik (Switches, Access Points)","")))))) -> Parzelle 35 | B41: =IF(I41="","",IF(AND(J41>=1,J41<=K41+3),IF(J41<=K41,IF(J41<=99,IF((INDEX(Eingabe!$G$9:$G$18,I41))<=9,1000+(INDEX(Eingabe!$G$9:$G$18,I41))*100,3000)+J41,IF((INDEX(Eingabe!$G$9:$G$18,I41)+1)<=9,1000+(INDEX(Eingabe!$G$9:$G$18,I41)+1)*100,3000)+J41-100),IF(J41=K41+1,2000+INDEX(Eingabe!$G$9:$G$18,I41)*10+1,IF(J41=K41+2,2000+INDEX(Eingabe!$G$9:$G$18,I41)*10+2,2000+INDEX(Eingabe!$G$9:$G$18,I41)*10+9))),"")) -> 1135 | C41: =IF(I41="","",IF(AND(J41>=1,J41<=K41+3),"10."&INDEX(Eingabe!$D$9:$D$18,I41)&"."&IF(J41<=K41,J41,IF(J41=K41+1,200,IF(J41=K41+2,201,250)))&".0/24","")) -> 10.1.35.0/24 | D41: =IF(I41="","",IF(AND(J41>=1,J41<=K41+3),"255.255.255.0","")) -> 255.255.255.0 | E41: =IF(I41="","",IF(AND(J41>=1,J41<=K41+3),"10."&INDEX(Eingabe!$D$9:$D$18,I41)&"."&IF(J41<=K41,J41,IF(J41=K41+1,200,IF(J41=K41+2,201,250)))&".1","")) -> 10.1.35.1 | F41: =IF(I41="","",IF(AND(J41>=1,J41<=K41+3),"10."&INDEX(Eingabe!$D$9:$D$18,I41)&"."&IF(J41<=K41,J41,IF(J41=K41+1,200,IF(J41=K41+2,201,250)))&".10 – 10."&INDEX(Eingabe!$D$9:$D$18,I41)&"."&IF(J41<=K41,J41,IF(J41=K41+1,200,IF(J41=K41+2,201,250)))&".250","")) -> 10.1.35.10 – 10.1.35.250 | G41: =IF(I41="","",IF(AND(J41>=1,J41<=K41),Eingabe!$B$6&"-"&INDEX(Eingabe!$C$9:$C$18,I41)&"-Pächter · Passwort Parzelle "&J41,IF(J41=K41+1,Eingabe!$B$6&"-"&INDEX(Eingabe!$C$9:$C$18,I41)&"-Vorstand · eigenes WLAN",IF(J41=K41+2,Eingabe!$B$6&"-"&INDEX(Eingabe!$C$9:$C$18,I41)&"-Gäste · Voucher",IF(J41=K41+3,"Kabel · Access Point y = .(50+y), Mast-Switch x = .(10+x)",""))))) -> SparteNet.de-BW-Pächter · Passwort Parzelle 35 | I41: =IF(36<=(Eingabe!$P$18+Eingabe!$Q$18-1),MATCH(36,Eingabe!$P$9:$P$18,1),"") -> 1 | J41: =IF(I41="","",36-INDEX(Eingabe!$P$9:$P$18,I41)) -> 35 | K41: =IF(I41="","",INDEX(Eingabe!$E$9:$E$18,I41)) -> 85
A42: =IF(I42="","",IF(J42=0,"Sparte "&I42&": "&INDEX(Eingabe!$B$9:$B$18,I42)&" (Sparten-ID "&INDEX(Eingabe!$D$9:$D$18,I42)&", "&K42&" Parzellen)",IF(J42<=K42," Parzelle "&J42,IF(J42=K42+1," Vorstand",IF(J42=K42+2," Gäste",IF(J42=K42+3," Technik (Switches, Access Points)","")))))) -> Parzelle 36 | B42: =IF(I42="","",IF(AND(J42>=1,J42<=K42+3),IF(J42<=K42,IF(J42<=99,IF((INDEX(Eingabe!$G$9:$G$18,I42))<=9,1000+(INDEX(Eingabe!$G$9:$G$18,I42))*100,3000)+J42,IF((INDEX(Eingabe!$G$9:$G$18,I42)+1)<=9,1000+(INDEX(Eingabe!$G$9:$G$18,I42)+1)*100,3000)+J42-100),IF(J42=K42+1,2000+INDEX(Eingabe!$G$9:$G$18,I42)*10+1,IF(J42=K42+2,2000+INDEX(Eingabe!$G$9:$G$18,I42)*10+2,2000+INDEX(Eingabe!$G$9:$G$18,I42)*10+9))),"")) -> 1136 | C42: =IF(I42="","",IF(AND(J42>=1,J42<=K42+3),"10."&INDEX(Eingabe!$D$9:$D$18,I42)&"."&IF(J42<=K42,J42,IF(J42=K42+1,200,IF(J42=K42+2,201,250)))&".0/24","")) -> 10.1.36.0/24 | D42: =IF(I42="","",IF(AND(J42>=1,J42<=K42+3),"255.255.255.0","")) -> 255.255.255.0 | E42: =IF(I42="","",IF(AND(J42>=1,J42<=K42+3),"10."&INDEX(Eingabe!$D$9:$D$18,I42)&"."&IF(J42<=K42,J42,IF(J42=K42+1,200,IF(J42=K42+2,201,250)))&".1","")) -> 10.1.36.1 | F42: =IF(I42="","",IF(AND(J42>=1,J42<=K42+3),"10."&INDEX(Eingabe!$D$9:$D$18,I42)&"."&IF(J42<=K42,J42,IF(J42=K42+1,200,IF(J42=K42+2,201,250)))&".10 – 10."&INDEX(Eingabe!$D$9:$D$18,I42)&"."&IF(J42<=K42,J42,IF(J42=K42+1,200,IF(J42=K42+2,201,250)))&".250","")) -> 10.1.36.10 – 10.1.36.250 | G42: =IF(I42="","",IF(AND(J42>=1,J42<=K42),Eingabe!$B$6&"-"&INDEX(Eingabe!$C$9:$C$18,I42)&"-Pächter · Passwort Parzelle "&J42,IF(J42=K42+1,Eingabe!$B$6&"-"&INDEX(Eingabe!$C$9:$C$18,I42)&"-Vorstand · eigenes WLAN",IF(J42=K42+2,Eingabe!$B$6&"-"&INDEX(Eingabe!$C$9:$C$18,I42)&"-Gäste · Voucher",IF(J42=K42+3,"Kabel · Access Point y = .(50+y), Mast-Switch x = .(10+x)",""))))) -> SparteNet.de-BW-Pächter · Passwort Parzelle 36 | I42: =IF(37<=(Eingabe!$P$18+Eingabe!$Q$18-1),MATCH(37,Eingabe!$P$9:$P$18,1),"") -> 1 | J42: =IF(I42="","",37-INDEX(Eingabe!$P$9:$P$18,I42)) -> 36 | K42: =IF(I42="","",INDEX(Eingabe!$E$9:$E$18,I42)) -> 85
A43: =IF(I43="","",IF(J43=0,"Sparte "&I43&": "&INDEX(Eingabe!$B$9:$B$18,I43)&" (Sparten-ID "&INDEX(Eingabe!$D$9:$D$18,I43)&", "&K43&" Parzellen)",IF(J43<=K43," Parzelle "&J43,IF(J43=K43+1," Vorstand",IF(J43=K43+2," Gäste",IF(J43=K43+3," Technik (Switches, Access Points)","")))))) -> Parzelle 37 | B43: =IF(I43="","",IF(AND(J43>=1,J43<=K43+3),IF(J43<=K43,IF(J43<=99,IF((INDEX(Eingabe!$G$9:$G$18,I43))<=9,1000+(INDEX(Eingabe!$G$9:$G$18,I43))*100,3000)+J43,IF((INDEX(Eingabe!$G$9:$G$18,I43)+1)<=9,1000+(INDEX(Eingabe!$G$9:$G$18,I43)+1)*100,3000)+J43-100),IF(J43=K43+1,2000+INDEX(Eingabe!$G$9:$G$18,I43)*10+1,IF(J43=K43+2,2000+INDEX(Eingabe!$G$9:$G$18,I43)*10+2,2000+INDEX(Eingabe!$G$9:$G$18,I43)*10+9))),"")) -> 1137 | C43: =IF(I43="","",IF(AND(J43>=1,J43<=K43+3),"10."&INDEX(Eingabe!$D$9:$D$18,I43)&"."&IF(J43<=K43,J43,IF(J43=K43+1,200,IF(J43=K43+2,201,250)))&".0/24","")) -> 10.1.37.0/24 | D43: =IF(I43="","",IF(AND(J43>=1,J43<=K43+3),"255.255.255.0","")) -> 255.255.255.0 | E43: =IF(I43="","",IF(AND(J43>=1,J43<=K43+3),"10."&INDEX(Eingabe!$D$9:$D$18,I43)&"."&IF(J43<=K43,J43,IF(J43=K43+1,200,IF(J43=K43+2,201,250)))&".1","")) -> 10.1.37.1 | F43: =IF(I43="","",IF(AND(J43>=1,J43<=K43+3),"10."&INDEX(Eingabe!$D$9:$D$18,I43)&"."&IF(J43<=K43,J43,IF(J43=K43+1,200,IF(J43=K43+2,201,250)))&".10 – 10."&INDEX(Eingabe!$D$9:$D$18,I43)&"."&IF(J43<=K43,J43,IF(J43=K43+1,200,IF(J43=K43+2,201,250)))&".250","")) -> 10.1.37.10 – 10.1.37.250 | G43: =IF(I43="","",IF(AND(J43>=1,J43<=K43),Eingabe!$B$6&"-"&INDEX(Eingabe!$C$9:$C$18,I43)&"-Pächter · Passwort Parzelle "&J43,IF(J43=K43+1,Eingabe!$B$6&"-"&INDEX(Eingabe!$C$9:$C$18,I43)&"-Vorstand · eigenes WLAN",IF(J43=K43+2,Eingabe!$B$6&"-"&INDEX(Eingabe!$C$9:$C$18,I43)&"-Gäste · Voucher",IF(J43=K43+3,"Kabel · Access Point y = .(50+y), Mast-Switch x = .(10+x)",""))))) -> SparteNet.de-BW-Pächter · Passwort Parzelle 37 | I43: =IF(38<=(Eingabe!$P$18+Eingabe!$Q$18-1),MATCH(38,Eingabe!$P$9:$P$18,1),"") -> 1 | J43: =IF(I43="","",38-INDEX(Eingabe!$P$9:$P$18,I43)) -> 37 | K43: =IF(I43="","",INDEX(Eingabe!$E$9:$E$18,I43)) -> 85
A44: =IF(I44="","",IF(J44=0,"Sparte "&I44&": "&INDEX(Eingabe!$B$9:$B$18,I44)&" (Sparten-ID "&INDEX(Eingabe!$D$9:$D$18,I44)&", "&K44&" Parzellen)",IF(J44<=K44," Parzelle "&J44,IF(J44=K44+1," Vorstand",IF(J44=K44+2," Gäste",IF(J44=K44+3," Technik (Switches, Access Points)","")))))) -> Parzelle 38 | B44: =IF(I44="","",IF(AND(J44>=1,J44<=K44+3),IF(J44<=K44,IF(J44<=99,IF((INDEX(Eingabe!$G$9:$G$18,I44))<=9,1000+(INDEX(Eingabe!$G$9:$G$18,I44))*100,3000)+J44,IF((INDEX(Eingabe!$G$9:$G$18,I44)+1)<=9,1000+(INDEX(Eingabe!$G$9:$G$18,I44)+1)*100,3000)+J44-100),IF(J44=K44+1,2000+INDEX(Eingabe!$G$9:$G$18,I44)*10+1,IF(J44=K44+2,2000+INDEX(Eingabe!$G$9:$G$18,I44)*10+2,2000+INDEX(Eingabe!$G$9:$G$18,I44)*10+9))),"")) -> 1138 | C44: =IF(I44="","",IF(AND(J44>=1,J44<=K44+3),"10."&INDEX(Eingabe!$D$9:$D$18,I44)&"."&IF(J44<=K44,J44,IF(J44=K44+1,200,IF(J44=K44+2,201,250)))&".0/24","")) -> 10.1.38.0/24 | D44: =IF(I44="","",IF(AND(J44>=1,J44<=K44+3),"255.255.255.0","")) -> 255.255.255.0 | E44: =IF(I44="","",IF(AND(J44>=1,J44<=K44+3),"10."&INDEX(Eingabe!$D$9:$D$18,I44)&"."&IF(J44<=K44,J44,IF(J44=K44+1,200,IF(J44=K44+2,201,250)))&".1","")) -> 10.1.38.1 | F44: =IF(I44="","",IF(AND(J44>=1,J44<=K44+3),"10."&INDEX(Eingabe!$D$9:$D$18,I44)&"."&IF(J44<=K44,J44,IF(J44=K44+1,200,IF(J44=K44+2,201,250)))&".10 – 10."&INDEX(Eingabe!$D$9:$D$18,I44)&"."&IF(J44<=K44,J44,IF(J44=K44+1,200,IF(J44=K44+2,201,250)))&".250","")) -> 10.1.38.10 – 10.1.38.250 | G44: =IF(I44="","",IF(AND(J44>=1,J44<=K44),Eingabe!$B$6&"-"&INDEX(Eingabe!$C$9:$C$18,I44)&"-Pächter · Passwort Parzelle "&J44,IF(J44=K44+1,Eingabe!$B$6&"-"&INDEX(Eingabe!$C$9:$C$18,I44)&"-Vorstand · eigenes WLAN",IF(J44=K44+2,Eingabe!$B$6&"-"&INDEX(Eingabe!$C$9:$C$18,I44)&"-Gäste · Voucher",IF(J44=K44+3,"Kabel · Access Point y = .(50+y), Mast-Switch x = .(10+x)",""))))) -> SparteNet.de-BW-Pächter · Passwort Parzelle 38 | I44: =IF(39<=(Eingabe!$P$18+Eingabe!$Q$18-1),MATCH(39,Eingabe!$P$9:$P$18,1),"") -> 1 | J44: =IF(I44="","",39-INDEX(Eingabe!$P$9:$P$18,I44)) -> 38 | K44: =IF(I44="","",INDEX(Eingabe!$E$9:$E$18,I44)) -> 85
A45: =IF(I45="","",IF(J45=0,"Sparte "&I45&": "&INDEX(Eingabe!$B$9:$B$18,I45)&" (Sparten-ID "&INDEX(Eingabe!$D$9:$D$18,I45)&", "&K45&" Parzellen)",IF(J45<=K45," Parzelle "&J45,IF(J45=K45+1," Vorstand",IF(J45=K45+2," Gäste",IF(J45=K45+3," Technik (Switches, Access Points)","")))))) -> Parzelle 39 | B45: =IF(I45="","",IF(AND(J45>=1,J45<=K45+3),IF(J45<=K45,IF(J45<=99,IF((INDEX(Eingabe!$G$9:$G$18,I45))<=9,1000+(INDEX(Eingabe!$G$9:$G$18,I45))*100,3000)+J45,IF((INDEX(Eingabe!$G$9:$G$18,I45)+1)<=9,1000+(INDEX(Eingabe!$G$9:$G$18,I45)+1)*100,3000)+J45-100),IF(J45=K45+1,2000+INDEX(Eingabe!$G$9:$G$18,I45)*10+1,IF(J45=K45+2,2000+INDEX(Eingabe!$G$9:$G$18,I45)*10+2,2000+INDEX(Eingabe!$G$9:$G$18,I45)*10+9))),"")) -> 1139 | C45: =IF(I45="","",IF(AND(J45>=1,J45<=K45+3),"10."&INDEX(Eingabe!$D$9:$D$18,I45)&"."&IF(J45<=K45,J45,IF(J45=K45+1,200,IF(J45=K45+2,201,250)))&".0/24","")) -> 10.1.39.0/24 | D45: =IF(I45="","",IF(AND(J45>=1,J45<=K45+3),"255.255.255.0","")) -> 255.255.255.0 | E45: =IF(I45="","",IF(AND(J45>=1,J45<=K45+3),"10."&INDEX(Eingabe!$D$9:$D$18,I45)&"."&IF(J45<=K45,J45,IF(J45=K45+1,200,IF(J45=K45+2,201,250)))&".1","")) -> 10.1.39.1 | F45: =IF(I45="","",IF(AND(J45>=1,J45<=K45+3),"10."&INDEX(Eingabe!$D$9:$D$18,I45)&"."&IF(J45<=K45,J45,IF(J45=K45+1,200,IF(J45=K45+2,201,250)))&".10 – 10."&INDEX(Eingabe!$D$9:$D$18,I45)&"."&IF(J45<=K45,J45,IF(J45=K45+1,200,IF(J45=K45+2,201,250)))&".250","")) -> 10.1.39.10 – 10.1.39.250 | G45: =IF(I45="","",IF(AND(J45>=1,J45<=K45),Eingabe!$B$6&"-"&INDEX(Eingabe!$C$9:$C$18,I45)&"-Pächter · Passwort Parzelle "&J45,IF(J45=K45+1,Eingabe!$B$6&"-"&INDEX(Eingabe!$C$9:$C$18,I45)&"-Vorstand · eigenes WLAN",IF(J45=K45+2,Eingabe!$B$6&"-"&INDEX(Eingabe!$C$9:$C$18,I45)&"-Gäste · Voucher",IF(J45=K45+3,"Kabel · Access Point y = .(50+y), Mast-Switch x = .(10+x)",""))))) -> SparteNet.de-BW-Pächter · Passwort Parzelle 39 | I45: =IF(40<=(Eingabe!$P$18+Eingabe!$Q$18-1),MATCH(40,Eingabe!$P$9:$P$18,1),"") -> 1 | J45: =IF(I45="","",40-INDEX(Eingabe!$P$9:$P$18,I45)) -> 39 | K45: =IF(I45="","",INDEX(Eingabe!$E$9:$E$18,I45)) -> 85
A46: =IF(I46="","",IF(J46=0,"Sparte "&I46&": "&INDEX(Eingabe!$B$9:$B$18,I46)&" (Sparten-ID "&INDEX(Eingabe!$D$9:$D$18,I46)&", "&K46&" Parzellen)",IF(J46<=K46," Parzelle "&J46,IF(J46=K46+1," Vorstand",IF(J46=K46+2," Gäste",IF(J46=K46+3," Technik (Switches, Access Points)","")))))) -> Parzelle 40 | B46: =IF(I46="","",IF(AND(J46>=1,J46<=K46+3),IF(J46<=K46,IF(J46<=99,IF((INDEX(Eingabe!$G$9:$G$18,I46))<=9,1000+(INDEX(Eingabe!$G$9:$G$18,I46))*100,3000)+J46,IF((INDEX(Eingabe!$G$9:$G$18,I46)+1)<=9,1000+(INDEX(Eingabe!$G$9:$G$18,I46)+1)*100,3000)+J46-100),IF(J46=K46+1,2000+INDEX(Eingabe!$G$9:$G$18,I46)*10+1,IF(J46=K46+2,2000+INDEX(Eingabe!$G$9:$G$18,I46)*10+2,2000+INDEX(Eingabe!$G$9:$G$18,I46)*10+9))),"")) -> 1140 | C46: =IF(I46="","",IF(AND(J46>=1,J46<=K46+3),"10."&INDEX(Eingabe!$D$9:$D$18,I46)&"."&IF(J46<=K46,J46,IF(J46=K46+1,200,IF(J46=K46+2,201,250)))&".0/24","")) -> 10.1.40.0/24 | D46: =IF(I46="","",IF(AND(J46>=1,J46<=K46+3),"255.255.255.0","")) -> 255.255.255.0 | E46: =IF(I46="","",IF(AND(J46>=1,J46<=K46+3),"10."&INDEX(Eingabe!$D$9:$D$18,I46)&"."&IF(J46<=K46,J46,IF(J46=K46+1,200,IF(J46=K46+2,201,250)))&".1","")) -> 10.1.40.1 | F46: =IF(I46="","",IF(AND(J46>=1,J46<=K46+3),"10."&INDEX(Eingabe!$D$9:$D$18,I46)&"."&IF(J46<=K46,J46,IF(J46=K46+1,200,IF(J46=K46+2,201,250)))&".10 – 10."&INDEX(Eingabe!$D$9:$D$18,I46)&"."&IF(J46<=K46,J46,IF(J46=K46+1,200,IF(J46=K46+2,201,250)))&".250","")) -> 10.1.40.10 – 10.1.40.250 | G46: =IF(I46="","",IF(AND(J46>=1,J46<=K46),Eingabe!$B$6&"-"&INDEX(Eingabe!$C$9:$C$18,I46)&"-Pächter · Passwort Parzelle "&J46,IF(J46=K46+1,Eingabe!$B$6&"-"&INDEX(Eingabe!$C$9:$C$18,I46)&"-Vorstand · eigenes WLAN",IF(J46=K46+2,Eingabe!$B$6&"-"&INDEX(Eingabe!$C$9:$C$18,I46)&"-Gäste · Voucher",IF(J46=K46+3,"Kabel · Access Point y = .(50+y), Mast-Switch x = .(10+x)",""))))) -> SparteNet.de-BW-Pächter · Passwort Parzelle 40 | I46: =IF(41<=(Eingabe!$P$18+Eingabe!$Q$18-1),MATCH(41,Eingabe!$P$9:$P$18,1),"") -> 1 | J46: =IF(I46="","",41-INDEX(Eingabe!$P$9:$P$18,I46)) -> 40 | K46: =IF(I46="","",INDEX(Eingabe!$E$9:$E$18,I46)) -> 85
A47: =IF(I47="","",IF(J47=0,"Sparte "&I47&": "&INDEX(Eingabe!$B$9:$B$18,I47)&" (Sparten-ID "&INDEX(Eingabe!$D$9:$D$18,I47)&", "&K47&" Parzellen)",IF(J47<=K47," Parzelle "&J47,IF(J47=K47+1," Vorstand",IF(J47=K47+2," Gäste",IF(J47=K47+3," Technik (Switches, Access Points)","")))))) -> Parzelle 41 | B47: =IF(I47="","",IF(AND(J47>=1,J47<=K47+3),IF(J47<=K47,IF(J47<=99,IF((INDEX(Eingabe!$G$9:$G$18,I47))<=9,1000+(INDEX(Eingabe!$G$9:$G$18,I47))*100,3000)+J47,IF((INDEX(Eingabe!$G$9:$G$18,I47)+1)<=9,1000+(INDEX(Eingabe!$G$9:$G$18,I47)+1)*100,3000)+J47-100),IF(J47=K47+1,2000+INDEX(Eingabe!$G$9:$G$18,I47)*10+1,IF(J47=K47+2,2000+INDEX(Eingabe!$G$9:$G$18,I47)*10+2,2000+INDEX(Eingabe!$G$9:$G$18,I47)*10+9))),"")) -> 1141 | C47: =IF(I47="","",IF(AND(J47>=1,J47<=K47+3),"10."&INDEX(Eingabe!$D$9:$D$18,I47)&"."&IF(J47<=K47,J47,IF(J47=K47+1,200,IF(J47=K47+2,201,250)))&".0/24","")) -> 10.1.41.0/24 | D47: =IF(I47="","",IF(AND(J47>=1,J47<=K47+3),"255.255.255.0","")) -> 255.255.255.0 | E47: =IF(I47="","",IF(AND(J47>=1,J47<=K47+3),"10."&INDEX(Eingabe!$D$9:$D$18,I47)&"."&IF(J47<=K47,J47,IF(J47=K47+1,200,IF(J47=K47+2,201,250)))&".1","")) -> 10.1.41.1 | F47: =IF(I47="","",IF(AND(J47>=1,J47<=K47+3),"10."&INDEX(Eingabe!$D$9:$D$18,I47)&"."&IF(J47<=K47,J47,IF(J47=K47+1,200,IF(J47=K47+2,201,250)))&".10 – 10."&INDEX(Eingabe!$D$9:$D$18,I47)&"."&IF(J47<=K47,J47,IF(J47=K47+1,200,IF(J47=K47+2,201,250)))&".250","")) -> 10.1.41.10 – 10.1.41.250 | G47: =IF(I47="","",IF(AND(J47>=1,J47<=K47),Eingabe!$B$6&"-"&INDEX(Eingabe!$C$9:$C$18,I47)&"-Pächter · Passwort Parzelle "&J47,IF(J47=K47+1,Eingabe!$B$6&"-"&INDEX(Eingabe!$C$9:$C$18,I47)&"-Vorstand · eigenes WLAN",IF(J47=K47+2,Eingabe!$B$6&"-"&INDEX(Eingabe!$C$9:$C$18,I47)&"-Gäste · Voucher",IF(J47=K47+3,"Kabel · Access Point y = .(50+y), Mast-Switch x = .(10+x)",""))))) -> SparteNet.de-BW-Pächter · Passwort Parzelle 41 | I47: =IF(42<=(Eingabe!$P$18+Eingabe!$Q$18-1),MATCH(42,Eingabe!$P$9:$P$18,1),"") -> 1 | J47: =IF(I47="","",42-INDEX(Eingabe!$P$9:$P$18,I47)) -> 41 | K47: =IF(I47="","",INDEX(Eingabe!$E$9:$E$18,I47)) -> 85
A48: =IF(I48="","",IF(J48=0,"Sparte "&I48&": "&INDEX(Eingabe!$B$9:$B$18,I48)&" (Sparten-ID "&INDEX(Eingabe!$D$9:$D$18,I48)&", "&K48&" Parzellen)",IF(J48<=K48," Parzelle "&J48,IF(J48=K48+1," Vorstand",IF(J48=K48+2," Gäste",IF(J48=K48+3," Technik (Switches, Access Points)","")))))) -> Parzelle 42 | B48: =IF(I48="","",IF(AND(J48>=1,J48<=K48+3),IF(J48<=K48,IF(J48<=99,IF((INDEX(Eingabe!$G$9:$G$18,I48))<=9,1000+(INDEX(Eingabe!$G$9:$G$18,I48))*100,3000)+J48,IF((INDEX(Eingabe!$G$9:$G$18,I48)+1)<=9,1000+(INDEX(Eingabe!$G$9:$G$18,I48)+1)*100,3000)+J48-100),IF(J48=K48+1,2000+INDEX(Eingabe!$G$9:$G$18,I48)*10+1,IF(J48=K48+2,2000+INDEX(Eingabe!$G$9:$G$18,I48)*10+2,2000+INDEX(Eingabe!$G$9:$G$18,I48)*10+9))),"")) -> 1142 | C48: =IF(I48="","",IF(AND(J48>=1,J48<=K48+3),"10."&INDEX(Eingabe!$D$9:$D$18,I48)&"."&IF(J48<=K48,J48,IF(J48=K48+1,200,IF(J48=K48+2,201,250)))&".0/24","")) -> 10.1.42.0/24 | D48: =IF(I48="","",IF(AND(J48>=1,J48<=K48+3),"255.255.255.0","")) -> 255.255.255.0 | E48: =IF(I48="","",IF(AND(J48>=1,J48<=K48+3),"10."&INDEX(Eingabe!$D$9:$D$18,I48)&"."&IF(J48<=K48,J48,IF(J48=K48+1,200,IF(J48=K48+2,201,250)))&".1","")) -> 10.1.42.1 | F48: =IF(I48="","",IF(AND(J48>=1,J48<=K48+3),"10."&INDEX(Eingabe!$D$9:$D$18,I48)&"."&IF(J48<=K48,J48,IF(J48=K48+1,200,IF(J48=K48+2,201,250)))&".10 – 10."&INDEX(Eingabe!$D$9:$D$18,I48)&"."&IF(J48<=K48,J48,IF(J48=K48+1,200,IF(J48=K48+2,201,250)))&".250","")) -> 10.1.42.10 – 10.1.42.250 | G48: =IF(I48="","",IF(AND(J48>=1,J48<=K48),Eingabe!$B$6&"-"&INDEX(Eingabe!$C$9:$C$18,I48)&"-Pächter · Passwort Parzelle "&J48,IF(J48=K48+1,Eingabe!$B$6&"-"&INDEX(Eingabe!$C$9:$C$18,I48)&"-Vorstand · eigenes WLAN",IF(J48=K48+2,Eingabe!$B$6&"-"&INDEX(Eingabe!$C$9:$C$18,I48)&"-Gäste · Voucher",IF(J48=K48+3,"Kabel · Access Point y = .(50+y), Mast-Switch x = .(10+x)",""))))) -> SparteNet.de-BW-Pächter · Passwort Parzelle 42 | I48: =IF(43<=(Eingabe!$P$18+Eingabe!$Q$18-1),MATCH(43,Eingabe!$P$9:$P$18,1),"") -> 1 | J48: =IF(I48="","",43-INDEX(Eingabe!$P$9:$P$18,I48)) -> 42 | K48: =IF(I48="","",INDEX(Eingabe!$E$9:$E$18,I48)) -> 85
A49: =IF(I49="","",IF(J49=0,"Sparte "&I49&": "&INDEX(Eingabe!$B$9:$B$18,I49)&" (Sparten-ID "&INDEX(Eingabe!$D$9:$D$18,I49)&", "&K49&" Parzellen)",IF(J49<=K49," Parzelle "&J49,IF(J49=K49+1," Vorstand",IF(J49=K49+2," Gäste",IF(J49=K49+3," Technik (Switches, Access Points)","")))))) -> Parzelle 43 | B49: =IF(I49="","",IF(AND(J49>=1,J49<=K49+3),IF(J49<=K49,IF(J49<=99,IF((INDEX(Eingabe!$G$9:$G$18,I49))<=9,1000+(INDEX(Eingabe!$G$9:$G$18,I49))*100,3000)+J49,IF((INDEX(Eingabe!$G$9:$G$18,I49)+1)<=9,1000+(INDEX(Eingabe!$G$9:$G$18,I49)+1)*100,3000)+J49-100),IF(J49=K49+1,2000+INDEX(Eingabe!$G$9:$G$18,I49)*10+1,IF(J49=K49+2,2000+INDEX(Eingabe!$G$9:$G$18,I49)*10+2,2000+INDEX(Eingabe!$G$9:$G$18,I49)*10+9))),"")) -> 1143 | C49: =IF(I49="","",IF(AND(J49>=1,J49<=K49+3),"10."&INDEX(Eingabe!$D$9:$D$18,I49)&"."&IF(J49<=K49,J49,IF(J49=K49+1,200,IF(J49=K49+2,201,250)))&".0/24","")) -> 10.1.43.0/24 | D49: =IF(I49="","",IF(AND(J49>=1,J49<=K49+3),"255.255.255.0","")) -> 255.255.255.0 | E49: =IF(I49="","",IF(AND(J49>=1,J49<=K49+3),"10."&INDEX(Eingabe!$D$9:$D$18,I49)&"."&IF(J49<=K49,J49,IF(J49=K49+1,200,IF(J49=K49+2,201,250)))&".1","")) -> 10.1.43.1 | F49: =IF(I49="","",IF(AND(J49>=1,J49<=K49+3),"10."&INDEX(Eingabe!$D$9:$D$18,I49)&"."&IF(J49<=K49,J49,IF(J49=K49+1,200,IF(J49=K49+2,201,250)))&".10 – 10."&INDEX(Eingabe!$D$9:$D$18,I49)&"."&IF(J49<=K49,J49,IF(J49=K49+1,200,IF(J49=K49+2,201,250)))&".250","")) -> 10.1.43.10 – 10.1.43.250 | G49: =IF(I49="","",IF(AND(J49>=1,J49<=K49),Eingabe!$B$6&"-"&INDEX(Eingabe!$C$9:$C$18,I49)&"-Pächter · Passwort Parzelle "&J49,IF(J49=K49+1,Eingabe!$B$6&"-"&INDEX(Eingabe!$C$9:$C$18,I49)&"-Vorstand · eigenes WLAN",IF(J49=K49+2,Eingabe!$B$6&"-"&INDEX(Eingabe!$C$9:$C$18,I49)&"-Gäste · Voucher",IF(J49=K49+3,"Kabel · Access Point y = .(50+y), Mast-Switch x = .(10+x)",""))))) -> SparteNet.de-BW-Pächter · Passwort Parzelle 43 | I49: =IF(44<=(Eingabe!$P$18+Eingabe!$Q$18-1),MATCH(44,Eingabe!$P$9:$P$18,1),"") -> 1 | J49: =IF(I49="","",44-INDEX(Eingabe!$P$9:$P$18,I49)) -> 43 | K49: =IF(I49="","",INDEX(Eingabe!$E$9:$E$18,I49)) -> 85
A50: =IF(I50="","",IF(J50=0,"Sparte "&I50&": "&INDEX(Eingabe!$B$9:$B$18,I50)&" (Sparten-ID "&INDEX(Eingabe!$D$9:$D$18,I50)&", "&K50&" Parzellen)",IF(J50<=K50," Parzelle "&J50,IF(J50=K50+1," Vorstand",IF(J50=K50+2," Gäste",IF(J50=K50+3," Technik (Switches, Access Points)","")))))) -> Parzelle 44 | B50: =IF(I50="","",IF(AND(J50>=1,J50<=K50+3),IF(J50<=K50,IF(J50<=99,IF((INDEX(Eingabe!$G$9:$G$18,I50))<=9,1000+(INDEX(Eingabe!$G$9:$G$18,I50))*100,3000)+J50,IF((INDEX(Eingabe!$G$9:$G$18,I50)+1)<=9,1000+(INDEX(Eingabe!$G$9:$G$18,I50)+1)*100,3000)+J50-100),IF(J50=K50+1,2000+INDEX(Eingabe!$G$9:$G$18,I50)*10+1,IF(J50=K50+2,2000+INDEX(Eingabe!$G$9:$G$18,I50)*10+2,2000+INDEX(Eingabe!$G$9:$G$18,I50)*10+9))),"")) -> 1144 | C50: =IF(I50="","",IF(AND(J50>=1,J50<=K50+3),"10."&INDEX(Eingabe!$D$9:$D$18,I50)&"."&IF(J50<=K50,J50,IF(J50=K50+1,200,IF(J50=K50+2,201,250)))&".0/24","")) -> 10.1.44.0/24 | D50: =IF(I50="","",IF(AND(J50>=1,J50<=K50+3),"255.255.255.0","")) -> 255.255.255.0 | E50: =IF(I50="","",IF(AND(J50>=1,J50<=K50+3),"10."&INDEX(Eingabe!$D$9:$D$18,I50)&"."&IF(J50<=K50,J50,IF(J50=K50+1,200,IF(J50=K50+2,201,250)))&".1","")) -> 10.1.44.1 | F50: =IF(I50="","",IF(AND(J50>=1,J50<=K50+3),"10."&INDEX(Eingabe!$D$9:$D$18,I50)&"."&IF(J50<=K50,J50,IF(J50=K50+1,200,IF(J50=K50+2,201,250)))&".10 – 10."&INDEX(Eingabe!$D$9:$D$18,I50)&"."&IF(J50<=K50,J50,IF(J50=K50+1,200,IF(J50=K50+2,201,250)))&".250","")) -> 10.1.44.10 – 10.1.44.250 | G50: =IF(I50="","",IF(AND(J50>=1,J50<=K50),Eingabe!$B$6&"-"&INDEX(Eingabe!$C$9:$C$18,I50)&"-Pächter · Passwort Parzelle "&J50,IF(J50=K50+1,Eingabe!$B$6&"-"&INDEX(Eingabe!$C$9:$C$18,I50)&"-Vorstand · eigenes WLAN",IF(J50=K50+2,Eingabe!$B$6&"-"&INDEX(Eingabe!$C$9:$C$18,I50)&"-Gäste · Voucher",IF(J50=K50+3,"Kabel · Access Point y = .(50+y), Mast-Switch x = .(10+x)",""))))) -> SparteNet.de-BW-Pächter · Passwort Parzelle 44 | I50: =IF(45<=(Eingabe!$P$18+Eingabe!$Q$18-1),MATCH(45,Eingabe!$P$9:$P$18,1),"") -> 1 | J50: =IF(I50="","",45-INDEX(Eingabe!$P$9:$P$18,I50)) -> 44 | K50: =IF(I50="","",INDEX(Eingabe!$E$9:$E$18,I50)) -> 85
A51: =IF(I51="","",IF(J51=0,"Sparte "&I51&": "&INDEX(Eingabe!$B$9:$B$18,I51)&" (Sparten-ID "&INDEX(Eingabe!$D$9:$D$18,I51)&", "&K51&" Parzellen)",IF(J51<=K51," Parzelle "&J51,IF(J51=K51+1," Vorstand",IF(J51=K51+2," Gäste",IF(J51=K51+3," Technik (Switches, Access Points)","")))))) -> Parzelle 45 | B51: =IF(I51="","",IF(AND(J51>=1,J51<=K51+3),IF(J51<=K51,IF(J51<=99,IF((INDEX(Eingabe!$G$9:$G$18,I51))<=9,1000+(INDEX(Eingabe!$G$9:$G$18,I51))*100,3000)+J51,IF((INDEX(Eingabe!$G$9:$G$18,I51)+1)<=9,1000+(INDEX(Eingabe!$G$9:$G$18,I51)+1)*100,3000)+J51-100),IF(J51=K51+1,2000+INDEX(Eingabe!$G$9:$G$18,I51)*10+1,IF(J51=K51+2,2000+INDEX(Eingabe!$G$9:$G$18,I51)*10+2,2000+INDEX(Eingabe!$G$9:$G$18,I51)*10+9))),"")) -> 1145 | C51: =IF(I51="","",IF(AND(J51>=1,J51<=K51+3),"10."&INDEX(Eingabe!$D$9:$D$18,I51)&"."&IF(J51<=K51,J51,IF(J51=K51+1,200,IF(J51=K51+2,201,250)))&".0/24","")) -> 10.1.45.0/24 | D51: =IF(I51="","",IF(AND(J51>=1,J51<=K51+3),"255.255.255.0","")) -> 255.255.255.0 | E51: =IF(I51="","",IF(AND(J51>=1,J51<=K51+3),"10."&INDEX(Eingabe!$D$9:$D$18,I51)&"."&IF(J51<=K51,J51,IF(J51=K51+1,200,IF(J51=K51+2,201,250)))&".1","")) -> 10.1.45.1 | F51: =IF(I51="","",IF(AND(J51>=1,J51<=K51+3),"10."&INDEX(Eingabe!$D$9:$D$18,I51)&"."&IF(J51<=K51,J51,IF(J51=K51+1,200,IF(J51=K51+2,201,250)))&".10 – 10."&INDEX(Eingabe!$D$9:$D$18,I51)&"."&IF(J51<=K51,J51,IF(J51=K51+1,200,IF(J51=K51+2,201,250)))&".250","")) -> 10.1.45.10 – 10.1.45.250 | G51: =IF(I51="","",IF(AND(J51>=1,J51<=K51),Eingabe!$B$6&"-"&INDEX(Eingabe!$C$9:$C$18,I51)&"-Pächter · Passwort Parzelle "&J51,IF(J51=K51+1,Eingabe!$B$6&"-"&INDEX(Eingabe!$C$9:$C$18,I51)&"-Vorstand · eigenes WLAN",IF(J51=K51+2,Eingabe!$B$6&"-"&INDEX(Eingabe!$C$9:$C$18,I51)&"-Gäste · Voucher",IF(J51=K51+3,"Kabel · Access Point y = .(50+y), Mast-Switch x = .(10+x)",""))))) -> SparteNet.de-BW-Pächter · Passwort Parzelle 45 | I51: =IF(46<=(Eingabe!$P$18+Eingabe!$Q$18-1),MATCH(46,Eingabe!$P$9:$P$18,1),"") -> 1 | J51: =IF(I51="","",46-INDEX(Eingabe!$P$9:$P$18,I51)) -> 45 | K51: =IF(I51="","",INDEX(Eingabe!$E$9:$E$18,I51)) -> 85
A52: =IF(I52="","",IF(J52=0,"Sparte "&I52&": "&INDEX(Eingabe!$B$9:$B$18,I52)&" (Sparten-ID "&INDEX(Eingabe!$D$9:$D$18,I52)&", "&K52&" Parzellen)",IF(J52<=K52," Parzelle "&J52,IF(J52=K52+1," Vorstand",IF(J52=K52+2," Gäste",IF(J52=K52+3," Technik (Switches, Access Points)","")))))) -> Parzelle 46 | B52: =IF(I52="","",IF(AND(J52>=1,J52<=K52+3),IF(J52<=K52,IF(J52<=99,IF((INDEX(Eingabe!$G$9:$G$18,I52))<=9,1000+(INDEX(Eingabe!$G$9:$G$18,I52))*100,3000)+J52,IF((INDEX(Eingabe!$G$9:$G$18,I52)+1)<=9,1000+(INDEX(Eingabe!$G$9:$G$18,I52)+1)*100,3000)+J52-100),IF(J52=K52+1,2000+INDEX(Eingabe!$G$9:$G$18,I52)*10+1,IF(J52=K52+2,2000+INDEX(Eingabe!$G$9:$G$18,I52)*10+2,2000+INDEX(Eingabe!$G$9:$G$18,I52)*10+9))),"")) -> 1146 | C52: =IF(I52="","",IF(AND(J52>=1,J52<=K52+3),"10."&INDEX(Eingabe!$D$9:$D$18,I52)&"."&IF(J52<=K52,J52,IF(J52=K52+1,200,IF(J52=K52+2,201,250)))&".0/24","")) -> 10.1.46.0/24 | D52: =IF(I52="","",IF(AND(J52>=1,J52<=K52+3),"255.255.255.0","")) -> 255.255.255.0 | E52: =IF(I52="","",IF(AND(J52>=1,J52<=K52+3),"10."&INDEX(Eingabe!$D$9:$D$18,I52)&"."&IF(J52<=K52,J52,IF(J52=K52+1,200,IF(J52=K52+2,201,250)))&".1","")) -> 10.1.46.1 | F52: =IF(I52="","",IF(AND(J52>=1,J52<=K52+3),"10."&INDEX(Eingabe!$D$9:$D$18,I52)&"."&IF(J52<=K52,J52,IF(J52=K52+1,200,IF(J52=K52+2,201,250)))&".10 – 10."&INDEX(Eingabe!$D$9:$D$18,I52)&"."&IF(J52<=K52,J52,IF(J52=K52+1,200,IF(J52=K52+2,201,250)))&".250","")) -> 10.1.46.10 – 10.1.46.250 | G52: =IF(I52="","",IF(AND(J52>=1,J52<=K52),Eingabe!$B$6&"-"&INDEX(Eingabe!$C$9:$C$18,I52)&"-Pächter · Passwort Parzelle "&J52,IF(J52=K52+1,Eingabe!$B$6&"-"&INDEX(Eingabe!$C$9:$C$18,I52)&"-Vorstand · eigenes WLAN",IF(J52=K52+2,Eingabe!$B$6&"-"&INDEX(Eingabe!$C$9:$C$18,I52)&"-Gäste · Voucher",IF(J52=K52+3,"Kabel · Access Point y = .(50+y), Mast-Switch x = .(10+x)",""))))) -> SparteNet.de-BW-Pächter · Passwort Parzelle 46 | I52: =IF(47<=(Eingabe!$P$18+Eingabe!$Q$18-1),MATCH(47,Eingabe!$P$9:$P$18,1),"") -> 1 | J52: =IF(I52="","",47-INDEX(Eingabe!$P$9:$P$18,I52)) -> 46 | K52: =IF(I52="","",INDEX(Eingabe!$E$9:$E$18,I52)) -> 85
A53: =IF(I53="","",IF(J53=0,"Sparte "&I53&": "&INDEX(Eingabe!$B$9:$B$18,I53)&" (Sparten-ID "&INDEX(Eingabe!$D$9:$D$18,I53)&", "&K53&" Parzellen)",IF(J53<=K53," Parzelle "&J53,IF(J53=K53+1," Vorstand",IF(J53=K53+2," Gäste",IF(J53=K53+3," Technik (Switches, Access Points)","")))))) -> Parzelle 47 | B53: =IF(I53="","",IF(AND(J53>=1,J53<=K53+3),IF(J53<=K53,IF(J53<=99,IF((INDEX(Eingabe!$G$9:$G$18,I53))<=9,1000+(INDEX(Eingabe!$G$9:$G$18,I53))*100,3000)+J53,IF((INDEX(Eingabe!$G$9:$G$18,I53)+1)<=9,1000+(INDEX(Eingabe!$G$9:$G$18,I53)+1)*100,3000)+J53-100),IF(J53=K53+1,2000+INDEX(Eingabe!$G$9:$G$18,I53)*10+1,IF(J53=K53+2,2000+INDEX(Eingabe!$G$9:$G$18,I53)*10+2,2000+INDEX(Eingabe!$G$9:$G$18,I53)*10+9))),"")) -> 1147 | C53: =IF(I53="","",IF(AND(J53>=1,J53<=K53+3),"10."&INDEX(Eingabe!$D$9:$D$18,I53)&"."&IF(J53<=K53,J53,IF(J53=K53+1,200,IF(J53=K53+2,201,250)))&".0/24","")) -> 10.1.47.0/24 | D53: =IF(I53="","",IF(AND(J53>=1,J53<=K53+3),"255.255.255.0","")) -> 255.255.255.0 | E53: =IF(I53="","",IF(AND(J53>=1,J53<=K53+3),"10."&INDEX(Eingabe!$D$9:$D$18,I53)&"."&IF(J53<=K53,J53,IF(J53=K53+1,200,IF(J53=K53+2,201,250)))&".1","")) -> 10.1.47.1 | F53: =IF(I53="","",IF(AND(J53>=1,J53<=K53+3),"10."&INDEX(Eingabe!$D$9:$D$18,I53)&"."&IF(J53<=K53,J53,IF(J53=K53+1,200,IF(J53=K53+2,201,250)))&".10 – 10."&INDEX(Eingabe!$D$9:$D$18,I53)&"."&IF(J53<=K53,J53,IF(J53=K53+1,200,IF(J53=K53+2,201,250)))&".250","")) -> 10.1.47.10 – 10.1.47.250 | G53: =IF(I53="","",IF(AND(J53>=1,J53<=K53),Eingabe!$B$6&"-"&INDEX(Eingabe!$C$9:$C$18,I53)&"-Pächter · Passwort Parzelle "&J53,IF(J53=K53+1,Eingabe!$B$6&"-"&INDEX(Eingabe!$C$9:$C$18,I53)&"-Vorstand · eigenes WLAN",IF(J53=K53+2,Eingabe!$B$6&"-"&INDEX(Eingabe!$C$9:$C$18,I53)&"-Gäste · Voucher",IF(J53=K53+3,"Kabel · Access Point y = .(50+y), Mast-Switch x = .(10+x)",""))))) -> SparteNet.de-BW-Pächter · Passwort Parzelle 47 | I53: =IF(48<=(Eingabe!$P$18+Eingabe!$Q$18-1),MATCH(48,Eingabe!$P$9:$P$18,1),"") -> 1 | J53: =IF(I53="","",48-INDEX(Eingabe!$P$9:$P$18,I53)) -> 47 | K53: =IF(I53="","",INDEX(Eingabe!$E$9:$E$18,I53)) -> 85
A54: =IF(I54="","",IF(J54=0,"Sparte "&I54&": "&INDEX(Eingabe!$B$9:$B$18,I54)&" (Sparten-ID "&INDEX(Eingabe!$D$9:$D$18,I54)&", "&K54&" Parzellen)",IF(J54<=K54," Parzelle "&J54,IF(J54=K54+1," Vorstand",IF(J54=K54+2," Gäste",IF(J54=K54+3," Technik (Switches, Access Points)","")))))) -> Parzelle 48 | B54: =IF(I54="","",IF(AND(J54>=1,J54<=K54+3),IF(J54<=K54,IF(J54<=99,IF((INDEX(Eingabe!$G$9:$G$18,I54))<=9,1000+(INDEX(Eingabe!$G$9:$G$18,I54))*100,3000)+J54,IF((INDEX(Eingabe!$G$9:$G$18,I54)+1)<=9,1000+(INDEX(Eingabe!$G$9:$G$18,I54)+1)*100,3000)+J54-100),IF(J54=K54+1,2000+INDEX(Eingabe!$G$9:$G$18,I54)*10+1,IF(J54=K54+2,2000+INDEX(Eingabe!$G$9:$G$18,I54)*10+2,2000+INDEX(Eingabe!$G$9:$G$18,I54)*10+9))),"")) -> 1148 | C54: =IF(I54="","",IF(AND(J54>=1,J54<=K54+3),"10."&INDEX(Eingabe!$D$9:$D$18,I54)&"."&IF(J54<=K54,J54,IF(J54=K54+1,200,IF(J54=K54+2,201,250)))&".0/24","")) -> 10.1.48.0/24 | D54: =IF(I54="","",IF(AND(J54>=1,J54<=K54+3),"255.255.255.0","")) -> 255.255.255.0 | E54: =IF(I54="","",IF(AND(J54>=1,J54<=K54+3),"10."&INDEX(Eingabe!$D$9:$D$18,I54)&"."&IF(J54<=K54,J54,IF(J54=K54+1,200,IF(J54=K54+2,201,250)))&".1","")) -> 10.1.48.1 | F54: =IF(I54="","",IF(AND(J54>=1,J54<=K54+3),"10."&INDEX(Eingabe!$D$9:$D$18,I54)&"."&IF(J54<=K54,J54,IF(J54=K54+1,200,IF(J54=K54+2,201,250)))&".10 – 10."&INDEX(Eingabe!$D$9:$D$18,I54)&"."&IF(J54<=K54,J54,IF(J54=K54+1,200,IF(J54=K54+2,201,250)))&".250","")) -> 10.1.48.10 – 10.1.48.250 | G54: =IF(I54="","",IF(AND(J54>=1,J54<=K54),Eingabe!$B$6&"-"&INDEX(Eingabe!$C$9:$C$18,I54)&"-Pächter · Passwort Parzelle "&J54,IF(J54=K54+1,Eingabe!$B$6&"-"&INDEX(Eingabe!$C$9:$C$18,I54)&"-Vorstand · eigenes WLAN",IF(J54=K54+2,Eingabe!$B$6&"-"&INDEX(Eingabe!$C$9:$C$18,I54)&"-Gäste · Voucher",IF(J54=K54+3,"Kabel · Access Point y = .(50+y), Mast-Switch x = .(10+x)",""))))) -> SparteNet.de-BW-Pächter · Passwort Parzelle 48 | I54: =IF(49<=(Eingabe!$P$18+Eingabe!$Q$18-1),MATCH(49,Eingabe!$P$9:$P$18,1),"") -> 1 | J54: =IF(I54="","",49-INDEX(Eingabe!$P$9:$P$18,I54)) -> 48 | K54: =IF(I54="","",INDEX(Eingabe!$E$9:$E$18,I54)) -> 85
A55: =IF(I55="","",IF(J55=0,"Sparte "&I55&": "&INDEX(Eingabe!$B$9:$B$18,I55)&" (Sparten-ID "&INDEX(Eingabe!$D$9:$D$18,I55)&", "&K55&" Parzellen)",IF(J55<=K55," Parzelle "&J55,IF(J55=K55+1," Vorstand",IF(J55=K55+2," Gäste",IF(J55=K55+3," Technik (Switches, Access Points)","")))))) -> Parzelle 49 | B55: =IF(I55="","",IF(AND(J55>=1,J55<=K55+3),IF(J55<=K55,IF(J55<=99,IF((INDEX(Eingabe!$G$9:$G$18,I55))<=9,1000+(INDEX(Eingabe!$G$9:$G$18,I55))*100,3000)+J55,IF((INDEX(Eingabe!$G$9:$G$18,I55)+1)<=9,1000+(INDEX(Eingabe!$G$9:$G$18,I55)+1)*100,3000)+J55-100),IF(J55=K55+1,2000+INDEX(Eingabe!$G$9:$G$18,I55)*10+1,IF(J55=K55+2,2000+INDEX(Eingabe!$G$9:$G$18,I55)*10+2,2000+INDEX(Eingabe!$G$9:$G$18,I55)*10+9))),"")) -> 1149 | C55: =IF(I55="","",IF(AND(J55>=1,J55<=K55+3),"10."&INDEX(Eingabe!$D$9:$D$18,I55)&"."&IF(J55<=K55,J55,IF(J55=K55+1,200,IF(J55=K55+2,201,250)))&".0/24","")) -> 10.1.49.0/24 | D55: =IF(I55="","",IF(AND(J55>=1,J55<=K55+3),"255.255.255.0","")) -> 255.255.255.0 | E55: =IF(I55="","",IF(AND(J55>=1,J55<=K55+3),"10."&INDEX(Eingabe!$D$9:$D$18,I55)&"."&IF(J55<=K55,J55,IF(J55=K55+1,200,IF(J55=K55+2,201,250)))&".1","")) -> 10.1.49.1 | F55: =IF(I55="","",IF(AND(J55>=1,J55<=K55+3),"10."&INDEX(Eingabe!$D$9:$D$18,I55)&"."&IF(J55<=K55,J55,IF(J55=K55+1,200,IF(J55=K55+2,201,250)))&".10 – 10."&INDEX(Eingabe!$D$9:$D$18,I55)&"."&IF(J55<=K55,J55,IF(J55=K55+1,200,IF(J55=K55+2,201,250)))&".250","")) -> 10.1.49.10 – 10.1.49.250 | G55: =IF(I55="","",IF(AND(J55>=1,J55<=K55),Eingabe!$B$6&"-"&INDEX(Eingabe!$C$9:$C$18,I55)&"-Pächter · Passwort Parzelle "&J55,IF(J55=K55+1,Eingabe!$B$6&"-"&INDEX(Eingabe!$C$9:$C$18,I55)&"-Vorstand · eigenes WLAN",IF(J55=K55+2,Eingabe!$B$6&"-"&INDEX(Eingabe!$C$9:$C$18,I55)&"-Gäste · Voucher",IF(J55=K55+3,"Kabel · Access Point y = .(50+y), Mast-Switch x = .(10+x)",""))))) -> SparteNet.de-BW-Pächter · Passwort Parzelle 49 | I55: =IF(50<=(Eingabe!$P$18+Eingabe!$Q$18-1),MATCH(50,Eingabe!$P$9:$P$18,1),"") -> 1 | J55: =IF(I55="","",50-INDEX(Eingabe!$P$9:$P$18,I55)) -> 49 | K55: =IF(I55="","",INDEX(Eingabe!$E$9:$E$18,I55)) -> 85
A56: =IF(I56="","",IF(J56=0,"Sparte "&I56&": "&INDEX(Eingabe!$B$9:$B$18,I56)&" (Sparten-ID "&INDEX(Eingabe!$D$9:$D$18,I56)&", "&K56&" Parzellen)",IF(J56<=K56," Parzelle "&J56,IF(J56=K56+1," Vorstand",IF(J56=K56+2," Gäste",IF(J56=K56+3," Technik (Switches, Access Points)","")))))) -> Parzelle 50 | B56: =IF(I56="","",IF(AND(J56>=1,J56<=K56+3),IF(J56<=K56,IF(J56<=99,IF((INDEX(Eingabe!$G$9:$G$18,I56))<=9,1000+(INDEX(Eingabe!$G$9:$G$18,I56))*100,3000)+J56,IF((INDEX(Eingabe!$G$9:$G$18,I56)+1)<=9,1000+(INDEX(Eingabe!$G$9:$G$18,I56)+1)*100,3000)+J56-100),IF(J56=K56+1,2000+INDEX(Eingabe!$G$9:$G$18,I56)*10+1,IF(J56=K56+2,2000+INDEX(Eingabe!$G$9:$G$18,I56)*10+2,2000+INDEX(Eingabe!$G$9:$G$18,I56)*10+9))),"")) -> 1150 | C56: =IF(I56="","",IF(AND(J56>=1,J56<=K56+3),"10."&INDEX(Eingabe!$D$9:$D$18,I56)&"."&IF(J56<=K56,J56,IF(J56=K56+1,200,IF(J56=K56+2,201,250)))&".0/24","")) -> 10.1.50.0/24 | D56: =IF(I56="","",IF(AND(J56>=1,J56<=K56+3),"255.255.255.0","")) -> 255.255.255.0 | E56: =IF(I56="","",IF(AND(J56>=1,J56<=K56+3),"10."&INDEX(Eingabe!$D$9:$D$18,I56)&"."&IF(J56<=K56,J56,IF(J56=K56+1,200,IF(J56=K56+2,201,250)))&".1","")) -> 10.1.50.1 | F56: =IF(I56="","",IF(AND(J56>=1,J56<=K56+3),"10."&INDEX(Eingabe!$D$9:$D$18,I56)&"."&IF(J56<=K56,J56,IF(J56=K56+1,200,IF(J56=K56+2,201,250)))&".10 – 10."&INDEX(Eingabe!$D$9:$D$18,I56)&"."&IF(J56<=K56,J56,IF(J56=K56+1,200,IF(J56=K56+2,201,250)))&".250","")) -> 10.1.50.10 – 10.1.50.250 | G56: =IF(I56="","",IF(AND(J56>=1,J56<=K56),Eingabe!$B$6&"-"&INDEX(Eingabe!$C$9:$C$18,I56)&"-Pächter · Passwort Parzelle "&J56,IF(J56=K56+1,Eingabe!$B$6&"-"&INDEX(Eingabe!$C$9:$C$18,I56)&"-Vorstand · eigenes WLAN",IF(J56=K56+2,Eingabe!$B$6&"-"&INDEX(Eingabe!$C$9:$C$18,I56)&"-Gäste · Voucher",IF(J56=K56+3,"Kabel · Access Point y = .(50+y), Mast-Switch x = .(10+x)",""))))) -> SparteNet.de-BW-Pächter · Passwort Parzelle 50 | I56: =IF(51<=(Eingabe!$P$18+Eingabe!$Q$18-1),MATCH(51,Eingabe!$P$9:$P$18,1),"") -> 1 | J56: =IF(I56="","",51-INDEX(Eingabe!$P$9:$P$18,I56)) -> 50 | K56: =IF(I56="","",INDEX(Eingabe!$E$9:$E$18,I56)) -> 85
A57: =IF(I57="","",IF(J57=0,"Sparte "&I57&": "&INDEX(Eingabe!$B$9:$B$18,I57)&" (Sparten-ID "&INDEX(Eingabe!$D$9:$D$18,I57)&", "&K57&" Parzellen)",IF(J57<=K57," Parzelle "&J57,IF(J57=K57+1," Vorstand",IF(J57=K57+2," Gäste",IF(J57=K57+3," Technik (Switches, Access Points)","")))))) -> Parzelle 51 | B57: =IF(I57="","",IF(AND(J57>=1,J57<=K57+3),IF(J57<=K57,IF(J57<=99,IF((INDEX(Eingabe!$G$9:$G$18,I57))<=9,1000+(INDEX(Eingabe!$G$9:$G$18,I57))*100,3000)+J57,IF((INDEX(Eingabe!$G$9:$G$18,I57)+1)<=9,1000+(INDEX(Eingabe!$G$9:$G$18,I57)+1)*100,3000)+J57-100),IF(J57=K57+1,2000+INDEX(Eingabe!$G$9:$G$18,I57)*10+1,IF(J57=K57+2,2000+INDEX(Eingabe!$G$9:$G$18,I57)*10+2,2000+INDEX(Eingabe!$G$9:$G$18,I57)*10+9))),"")) -> 1151 | C57: =IF(I57="","",IF(AND(J57>=1,J57<=K57+3),"10."&INDEX(Eingabe!$D$9:$D$18,I57)&"."&IF(J57<=K57,J57,IF(J57=K57+1,200,IF(J57=K57+2,201,250)))&".0/24","")) -> 10.1.51.0/24 | D57: =IF(I57="","",IF(AND(J57>=1,J57<=K57+3),"255.255.255.0","")) -> 255.255.255.0 | E57: =IF(I57="","",IF(AND(J57>=1,J57<=K57+3),"10."&INDEX(Eingabe!$D$9:$D$18,I57)&"."&IF(J57<=K57,J57,IF(J57=K57+1,200,IF(J57=K57+2,201,250)))&".1","")) -> 10.1.51.1 | F57: =IF(I57="","",IF(AND(J57>=1,J57<=K57+3),"10."&INDEX(Eingabe!$D$9:$D$18,I57)&"."&IF(J57<=K57,J57,IF(J57=K57+1,200,IF(J57=K57+2,201,250)))&".10 – 10."&INDEX(Eingabe!$D$9:$D$18,I57)&"."&IF(J57<=K57,J57,IF(J57=K57+1,200,IF(J57=K57+2,201,250)))&".250","")) -> 10.1.51.10 – 10.1.51.250 | G57: =IF(I57="","",IF(AND(J57>=1,J57<=K57),Eingabe!$B$6&"-"&INDEX(Eingabe!$C$9:$C$18,I57)&"-Pächter · Passwort Parzelle "&J57,IF(J57=K57+1,Eingabe!$B$6&"-"&INDEX(Eingabe!$C$9:$C$18,I57)&"-Vorstand · eigenes WLAN",IF(J57=K57+2,Eingabe!$B$6&"-"&INDEX(Eingabe!$C$9:$C$18,I57)&"-Gäste · Voucher",IF(J57=K57+3,"Kabel · Access Point y = .(50+y), Mast-Switch x = .(10+x)",""))))) -> SparteNet.de-BW-Pächter · Passwort Parzelle 51 | I57: =IF(52<=(Eingabe!$P$18+Eingabe!$Q$18-1),MATCH(52,Eingabe!$P$9:$P$18,1),"") -> 1 | J57: =IF(I57="","",52-INDEX(Eingabe!$P$9:$P$18,I57)) -> 51 | K57: =IF(I57="","",INDEX(Eingabe!$E$9:$E$18,I57)) -> 85
A58: =IF(I58="","",IF(J58=0,"Sparte "&I58&": "&INDEX(Eingabe!$B$9:$B$18,I58)&" (Sparten-ID "&INDEX(Eingabe!$D$9:$D$18,I58)&", "&K58&" Parzellen)",IF(J58<=K58," Parzelle "&J58,IF(J58=K58+1," Vorstand",IF(J58=K58+2," Gäste",IF(J58=K58+3," Technik (Switches, Access Points)","")))))) -> Parzelle 52 | B58: =IF(I58="","",IF(AND(J58>=1,J58<=K58+3),IF(J58<=K58,IF(J58<=99,IF((INDEX(Eingabe!$G$9:$G$18,I58))<=9,1000+(INDEX(Eingabe!$G$9:$G$18,I58))*100,3000)+J58,IF((INDEX(Eingabe!$G$9:$G$18,I58)+1)<=9,1000+(INDEX(Eingabe!$G$9:$G$18,I58)+1)*100,3000)+J58-100),IF(J58=K58+1,2000+INDEX(Eingabe!$G$9:$G$18,I58)*10+1,IF(J58=K58+2,2000+INDEX(Eingabe!$G$9:$G$18,I58)*10+2,2000+INDEX(Eingabe!$G$9:$G$18,I58)*10+9))),"")) -> 1152 | C58: =IF(I58="","",IF(AND(J58>=1,J58<=K58+3),"10."&INDEX(Eingabe!$D$9:$D$18,I58)&"."&IF(J58<=K58,J58,IF(J58=K58+1,200,IF(J58=K58+2,201,250)))&".0/24","")) -> 10.1.52.0/24 | D58: =IF(I58="","",IF(AND(J58>=1,J58<=K58+3),"255.255.255.0","")) -> 255.255.255.0 | E58: =IF(I58="","",IF(AND(J58>=1,J58<=K58+3),"10."&INDEX(Eingabe!$D$9:$D$18,I58)&"."&IF(J58<=K58,J58,IF(J58=K58+1,200,IF(J58=K58+2,201,250)))&".1","")) -> 10.1.52.1 | F58: =IF(I58="","",IF(AND(J58>=1,J58<=K58+3),"10."&INDEX(Eingabe!$D$9:$D$18,I58)&"."&IF(J58<=K58,J58,IF(J58=K58+1,200,IF(J58=K58+2,201,250)))&".10 – 10."&INDEX(Eingabe!$D$9:$D$18,I58)&"."&IF(J58<=K58,J58,IF(J58=K58+1,200,IF(J58=K58+2,201,250)))&".250","")) -> 10.1.52.10 – 10.1.52.250 | G58: =IF(I58="","",IF(AND(J58>=1,J58<=K58),Eingabe!$B$6&"-"&INDEX(Eingabe!$C$9:$C$18,I58)&"-Pächter · Passwort Parzelle "&J58,IF(J58=K58+1,Eingabe!$B$6&"-"&INDEX(Eingabe!$C$9:$C$18,I58)&"-Vorstand · eigenes WLAN",IF(J58=K58+2,Eingabe!$B$6&"-"&INDEX(Eingabe!$C$9:$C$18,I58)&"-Gäste · Voucher",IF(J58=K58+3,"Kabel · Access Point y = .(50+y), Mast-Switch x = .(10+x)",""))))) -> SparteNet.de-BW-Pächter · Passwort Parzelle 52 | I58: =IF(53<=(Eingabe!$P$18+Eingabe!$Q$18-1),MATCH(53,Eingabe!$P$9:$P$18,1),"") -> 1 | J58: =IF(I58="","",53-INDEX(Eingabe!$P$9:$P$18,I58)) -> 52 | K58: =IF(I58="","",INDEX(Eingabe!$E$9:$E$18,I58)) -> 85
A59: =IF(I59="","",IF(J59=0,"Sparte "&I59&": "&INDEX(Eingabe!$B$9:$B$18,I59)&" (Sparten-ID "&INDEX(Eingabe!$D$9:$D$18,I59)&", "&K59&" Parzellen)",IF(J59<=K59," Parzelle "&J59,IF(J59=K59+1," Vorstand",IF(J59=K59+2," Gäste",IF(J59=K59+3," Technik (Switches, Access Points)","")))))) -> Parzelle 53 | B59: =IF(I59="","",IF(AND(J59>=1,J59<=K59+3),IF(J59<=K59,IF(J59<=99,IF((INDEX(Eingabe!$G$9:$G$18,I59))<=9,1000+(INDEX(Eingabe!$G$9:$G$18,I59))*100,3000)+J59,IF((INDEX(Eingabe!$G$9:$G$18,I59)+1)<=9,1000+(INDEX(Eingabe!$G$9:$G$18,I59)+1)*100,3000)+J59-100),IF(J59=K59+1,2000+INDEX(Eingabe!$G$9:$G$18,I59)*10+1,IF(J59=K59+2,2000+INDEX(Eingabe!$G$9:$G$18,I59)*10+2,2000+INDEX(Eingabe!$G$9:$G$18,I59)*10+9))),"")) -> 1153 | C59: =IF(I59="","",IF(AND(J59>=1,J59<=K59+3),"10."&INDEX(Eingabe!$D$9:$D$18,I59)&"."&IF(J59<=K59,J59,IF(J59=K59+1,200,IF(J59=K59+2,201,250)))&".0/24","")) -> 10.1.53.0/24 | D59: =IF(I59="","",IF(AND(J59>=1,J59<=K59+3),"255.255.255.0","")) -> 255.255.255.0 | E59: =IF(I59="","",IF(AND(J59>=1,J59<=K59+3),"10."&INDEX(Eingabe!$D$9:$D$18,I59)&"."&IF(J59<=K59,J59,IF(J59=K59+1,200,IF(J59=K59+2,201,250)))&".1","")) -> 10.1.53.1 | F59: =IF(I59="","",IF(AND(J59>=1,J59<=K59+3),"10."&INDEX(Eingabe!$D$9:$D$18,I59)&"."&IF(J59<=K59,J59,IF(J59=K59+1,200,IF(J59=K59+2,201,250)))&".10 – 10."&INDEX(Eingabe!$D$9:$D$18,I59)&"."&IF(J59<=K59,J59,IF(J59=K59+1,200,IF(J59=K59+2,201,250)))&".250","")) -> 10.1.53.10 – 10.1.53.250 | G59: =IF(I59="","",IF(AND(J59>=1,J59<=K59),Eingabe!$B$6&"-"&INDEX(Eingabe!$C$9:$C$18,I59)&"-Pächter · Passwort Parzelle "&J59,IF(J59=K59+1,Eingabe!$B$6&"-"&INDEX(Eingabe!$C$9:$C$18,I59)&"-Vorstand · eigenes WLAN",IF(J59=K59+2,Eingabe!$B$6&"-"&INDEX(Eingabe!$C$9:$C$18,I59)&"-Gäste · Voucher",IF(J59=K59+3,"Kabel · Access Point y = .(50+y), Mast-Switch x = .(10+x)",""))))) -> SparteNet.de-BW-Pächter · Passwort Parzelle 53 | I59: =IF(54<=(Eingabe!$P$18+Eingabe!$Q$18-1),MATCH(54,Eingabe!$P$9:$P$18,1),"") -> 1 | J59: =IF(I59="","",54-INDEX(Eingabe!$P$9:$P$18,I59)) -> 53 | K59: =IF(I59="","",INDEX(Eingabe!$E$9:$E$18,I59)) -> 85
A60: =IF(I60="","",IF(J60=0,"Sparte "&I60&": "&INDEX(Eingabe!$B$9:$B$18,I60)&" (Sparten-ID "&INDEX(Eingabe!$D$9:$D$18,I60)&", "&K60&" Parzellen)",IF(J60<=K60," Parzelle "&J60,IF(J60=K60+1," Vorstand",IF(J60=K60+2," Gäste",IF(J60=K60+3," Technik (Switches, Access Points)","")))))) -> Parzelle 54 | B60: =IF(I60="","",IF(AND(J60>=1,J60<=K60+3),IF(J60<=K60,IF(J60<=99,IF((INDEX(Eingabe!$G$9:$G$18,I60))<=9,1000+(INDEX(Eingabe!$G$9:$G$18,I60))*100,3000)+J60,IF((INDEX(Eingabe!$G$9:$G$18,I60)+1)<=9,1000+(INDEX(Eingabe!$G$9:$G$18,I60)+1)*100,3000)+J60-100),IF(J60=K60+1,2000+INDEX(Eingabe!$G$9:$G$18,I60)*10+1,IF(J60=K60+2,2000+INDEX(Eingabe!$G$9:$G$18,I60)*10+2,2000+INDEX(Eingabe!$G$9:$G$18,I60)*10+9))),"")) -> 1154 | C60: =IF(I60="","",IF(AND(J60>=1,J60<=K60+3),"10."&INDEX(Eingabe!$D$9:$D$18,I60)&"."&IF(J60<=K60,J60,IF(J60=K60+1,200,IF(J60=K60+2,201,250)))&".0/24","")) -> 10.1.54.0/24 | D60: =IF(I60="","",IF(AND(J60>=1,J60<=K60+3),"255.255.255.0","")) -> 255.255.255.0 | E60: =IF(I60="","",IF(AND(J60>=1,J60<=K60+3),"10."&INDEX(Eingabe!$D$9:$D$18,I60)&"."&IF(J60<=K60,J60,IF(J60=K60+1,200,IF(J60=K60+2,201,250)))&".1","")) -> 10.1.54.1 | F60: =IF(I60="","",IF(AND(J60>=1,J60<=K60+3),"10."&INDEX(Eingabe!$D$9:$D$18,I60)&"."&IF(J60<=K60,J60,IF(J60=K60+1,200,IF(J60=K60+2,201,250)))&".10 – 10."&INDEX(Eingabe!$D$9:$D$18,I60)&"."&IF(J60<=K60,J60,IF(J60=K60+1,200,IF(J60=K60+2,201,250)))&".250","")) -> 10.1.54.10 – 10.1.54.250 | G60: =IF(I60="","",IF(AND(J60>=1,J60<=K60),Eingabe!$B$6&"-"&INDEX(Eingabe!$C$9:$C$18,I60)&"-Pächter · Passwort Parzelle "&J60,IF(J60=K60+1,Eingabe!$B$6&"-"&INDEX(Eingabe!$C$9:$C$18,I60)&"-Vorstand · eigenes WLAN",IF(J60=K60+2,Eingabe!$B$6&"-"&INDEX(Eingabe!$C$9:$C$18,I60)&"-Gäste · Voucher",IF(J60=K60+3,"Kabel · Access Point y = .(50+y), Mast-Switch x = .(10+x)",""))))) -> SparteNet.de-BW-Pächter · Passwort Parzelle 54 | I60: =IF(55<=(Eingabe!$P$18+Eingabe!$Q$18-1),MATCH(55,Eingabe!$P$9:$P$18,1),"") -> 1 | J60: =IF(I60="","",55-INDEX(Eingabe!$P$9:$P$18,I60)) -> 54 | K60: =IF(I60="","",INDEX(Eingabe!$E$9:$E$18,I60)) -> 85
A61: =IF(I61="","",IF(J61=0,"Sparte "&I61&": "&INDEX(Eingabe!$B$9:$B$18,I61)&" (Sparten-ID "&INDEX(Eingabe!$D$9:$D$18,I61)&", "&K61&" Parzellen)",IF(J61<=K61," Parzelle "&J61,IF(J61=K61+1," Vorstand",IF(J61=K61+2," Gäste",IF(J61=K61+3," Technik (Switches, Access Points)","")))))) -> Parzelle 55 | B61: =IF(I61="","",IF(AND(J61>=1,J61<=K61+3),IF(J61<=K61,IF(J61<=99,IF((INDEX(Eingabe!$G$9:$G$18,I61))<=9,1000+(INDEX(Eingabe!$G$9:$G$18,I61))*100,3000)+J61,IF((INDEX(Eingabe!$G$9:$G$18,I61)+1)<=9,1000+(INDEX(Eingabe!$G$9:$G$18,I61)+1)*100,3000)+J61-100),IF(J61=K61+1,2000+INDEX(Eingabe!$G$9:$G$18,I61)*10+1,IF(J61=K61+2,2000+INDEX(Eingabe!$G$9:$G$18,I61)*10+2,2000+INDEX(Eingabe!$G$9:$G$18,I61)*10+9))),"")) -> 1155 | C61: =IF(I61="","",IF(AND(J61>=1,J61<=K61+3),"10."&INDEX(Eingabe!$D$9:$D$18,I61)&"."&IF(J61<=K61,J61,IF(J61=K61+1,200,IF(J61=K61+2,201,250)))&".0/24","")) -> 10.1.55.0/24 | D61: =IF(I61="","",IF(AND(J61>=1,J61<=K61+3),"255.255.255.0","")) -> 255.255.255.0 | E61: =IF(I61="","",IF(AND(J61>=1,J61<=K61+3),"10."&INDEX(Eingabe!$D$9:$D$18,I61)&"."&IF(J61<=K61,J61,IF(J61=K61+1,200,IF(J61=K61+2,201,250)))&".1","")) -> 10.1.55.1 | F61: =IF(I61="","",IF(AND(J61>=1,J61<=K61+3),"10."&INDEX(Eingabe!$D$9:$D$18,I61)&"."&IF(J61<=K61,J61,IF(J61=K61+1,200,IF(J61=K61+2,201,250)))&".10 – 10."&INDEX(Eingabe!$D$9:$D$18,I61)&"."&IF(J61<=K61,J61,IF(J61=K61+1,200,IF(J61=K61+2,201,250)))&".250","")) -> 10.1.55.10 – 10.1.55.250 | G61: =IF(I61="","",IF(AND(J61>=1,J61<=K61),Eingabe!$B$6&"-"&INDEX(Eingabe!$C$9:$C$18,I61)&"-Pächter · Passwort Parzelle "&J61,IF(J61=K61+1,Eingabe!$B$6&"-"&INDEX(Eingabe!$C$9:$C$18,I61)&"-Vorstand · eigenes WLAN",IF(J61=K61+2,Eingabe!$B$6&"-"&INDEX(Eingabe!$C$9:$C$18,I61)&"-Gäste · Voucher",IF(J61=K61+3,"Kabel · Access Point y = .(50+y), Mast-Switch x = .(10+x)",""))))) -> SparteNet.de-BW-Pächter · Passwort Parzelle 55 | I61: =IF(56<=(Eingabe!$P$18+Eingabe!$Q$18-1),MATCH(56,Eingabe!$P$9:$P$18,1),"") -> 1 | J61: =IF(I61="","",56-INDEX(Eingabe!$P$9:$P$18,I61)) -> 55 | K61: =IF(I61="","",INDEX(Eingabe!$E$9:$E$18,I61)) -> 85
A62: =IF(I62="","",IF(J62=0,"Sparte "&I62&": "&INDEX(Eingabe!$B$9:$B$18,I62)&" (Sparten-ID "&INDEX(Eingabe!$D$9:$D$18,I62)&", "&K62&" Parzellen)",IF(J62<=K62," Parzelle "&J62,IF(J62=K62+1," Vorstand",IF(J62=K62+2," Gäste",IF(J62=K62+3," Technik (Switches, Access Points)","")))))) -> Parzelle 56 | B62: =IF(I62="","",IF(AND(J62>=1,J62<=K62+3),IF(J62<=K62,IF(J62<=99,IF((INDEX(Eingabe!$G$9:$G$18,I62))<=9,1000+(INDEX(Eingabe!$G$9:$G$18,I62))*100,3000)+J62,IF((INDEX(Eingabe!$G$9:$G$18,I62)+1)<=9,1000+(INDEX(Eingabe!$G$9:$G$18,I62)+1)*100,3000)+J62-100),IF(J62=K62+1,2000+INDEX(Eingabe!$G$9:$G$18,I62)*10+1,IF(J62=K62+2,2000+INDEX(Eingabe!$G$9:$G$18,I62)*10+2,2000+INDEX(Eingabe!$G$9:$G$18,I62)*10+9))),"")) -> 1156 | C62: =IF(I62="","",IF(AND(J62>=1,J62<=K62+3),"10."&INDEX(Eingabe!$D$9:$D$18,I62)&"."&IF(J62<=K62,J62,IF(J62=K62+1,200,IF(J62=K62+2,201,250)))&".0/24","")) -> 10.1.56.0/24 | D62: =IF(I62="","",IF(AND(J62>=1,J62<=K62+3),"255.255.255.0","")) -> 255.255.255.0 | E62: =IF(I62="","",IF(AND(J62>=1,J62<=K62+3),"10."&INDEX(Eingabe!$D$9:$D$18,I62)&"."&IF(J62<=K62,J62,IF(J62=K62+1,200,IF(J62=K62+2,201,250)))&".1","")) -> 10.1.56.1 | F62: =IF(I62="","",IF(AND(J62>=1,J62<=K62+3),"10."&INDEX(Eingabe!$D$9:$D$18,I62)&"."&IF(J62<=K62,J62,IF(J62=K62+1,200,IF(J62=K62+2,201,250)))&".10 – 10."&INDEX(Eingabe!$D$9:$D$18,I62)&"."&IF(J62<=K62,J62,IF(J62=K62+1,200,IF(J62=K62+2,201,250)))&".250","")) -> 10.1.56.10 – 10.1.56.250 | G62: =IF(I62="","",IF(AND(J62>=1,J62<=K62),Eingabe!$B$6&"-"&INDEX(Eingabe!$C$9:$C$18,I62)&"-Pächter · Passwort Parzelle "&J62,IF(J62=K62+1,Eingabe!$B$6&"-"&INDEX(Eingabe!$C$9:$C$18,I62)&"-Vorstand · eigenes WLAN",IF(J62=K62+2,Eingabe!$B$6&"-"&INDEX(Eingabe!$C$9:$C$18,I62)&"-Gäste · Voucher",IF(J62=K62+3,"Kabel · Access Point y = .(50+y), Mast-Switch x = .(10+x)",""))))) -> SparteNet.de-BW-Pächter · Passwort Parzelle 56 | I62: =IF(57<=(Eingabe!$P$18+Eingabe!$Q$18-1),MATCH(57,Eingabe!$P$9:$P$18,1),"") -> 1 | J62: =IF(I62="","",57-INDEX(Eingabe!$P$9:$P$18,I62)) -> 56 | K62: =IF(I62="","",INDEX(Eingabe!$E$9:$E$18,I62)) -> 85
A63: =IF(I63="","",IF(J63=0,"Sparte "&I63&": "&INDEX(Eingabe!$B$9:$B$18,I63)&" (Sparten-ID "&INDEX(Eingabe!$D$9:$D$18,I63)&", "&K63&" Parzellen)",IF(J63<=K63," Parzelle "&J63,IF(J63=K63+1," Vorstand",IF(J63=K63+2," Gäste",IF(J63=K63+3," Technik (Switches, Access Points)","")))))) -> Parzelle 57 | B63: =IF(I63="","",IF(AND(J63>=1,J63<=K63+3),IF(J63<=K63,IF(J63<=99,IF((INDEX(Eingabe!$G$9:$G$18,I63))<=9,1000+(INDEX(Eingabe!$G$9:$G$18,I63))*100,3000)+J63,IF((INDEX(Eingabe!$G$9:$G$18,I63)+1)<=9,1000+(INDEX(Eingabe!$G$9:$G$18,I63)+1)*100,3000)+J63-100),IF(J63=K63+1,2000+INDEX(Eingabe!$G$9:$G$18,I63)*10+1,IF(J63=K63+2,2000+INDEX(Eingabe!$G$9:$G$18,I63)*10+2,2000+INDEX(Eingabe!$G$9:$G$18,I63)*10+9))),"")) -> 1157 | C63: =IF(I63="","",IF(AND(J63>=1,J63<=K63+3),"10."&INDEX(Eingabe!$D$9:$D$18,I63)&"."&IF(J63<=K63,J63,IF(J63=K63+1,200,IF(J63=K63+2,201,250)))&".0/24","")) -> 10.1.57.0/24 | D63: =IF(I63="","",IF(AND(J63>=1,J63<=K63+3),"255.255.255.0","")) -> 255.255.255.0 | E63: =IF(I63="","",IF(AND(J63>=1,J63<=K63+3),"10."&INDEX(Eingabe!$D$9:$D$18,I63)&"."&IF(J63<=K63,J63,IF(J63=K63+1,200,IF(J63=K63+2,201,250)))&".1","")) -> 10.1.57.1 | F63: =IF(I63="","",IF(AND(J63>=1,J63<=K63+3),"10."&INDEX(Eingabe!$D$9:$D$18,I63)&"."&IF(J63<=K63,J63,IF(J63=K63+1,200,IF(J63=K63+2,201,250)))&".10 – 10."&INDEX(Eingabe!$D$9:$D$18,I63)&"."&IF(J63<=K63,J63,IF(J63=K63+1,200,IF(J63=K63+2,201,250)))&".250","")) -> 10.1.57.10 – 10.1.57.250 | G63: =IF(I63="","",IF(AND(J63>=1,J63<=K63),Eingabe!$B$6&"-"&INDEX(Eingabe!$C$9:$C$18,I63)&"-Pächter · Passwort Parzelle "&J63,IF(J63=K63+1,Eingabe!$B$6&"-"&INDEX(Eingabe!$C$9:$C$18,I63)&"-Vorstand · eigenes WLAN",IF(J63=K63+2,Eingabe!$B$6&"-"&INDEX(Eingabe!$C$9:$C$18,I63)&"-Gäste · Voucher",IF(J63=K63+3,"Kabel · Access Point y = .(50+y), Mast-Switch x = .(10+x)",""))))) -> SparteNet.de-BW-Pächter · Passwort Parzelle 57 | I63: =IF(58<=(Eingabe!$P$18+Eingabe!$Q$18-1),MATCH(58,Eingabe!$P$9:$P$18,1),"") -> 1 | J63: =IF(I63="","",58-INDEX(Eingabe!$P$9:$P$18,I63)) -> 57 | K63: =IF(I63="","",INDEX(Eingabe!$E$9:$E$18,I63)) -> 85
A64: =IF(I64="","",IF(J64=0,"Sparte "&I64&": "&INDEX(Eingabe!$B$9:$B$18,I64)&" (Sparten-ID "&INDEX(Eingabe!$D$9:$D$18,I64)&", "&K64&" Parzellen)",IF(J64<=K64," Parzelle "&J64,IF(J64=K64+1," Vorstand",IF(J64=K64+2," Gäste",IF(J64=K64+3," Technik (Switches, Access Points)","")))))) -> Parzelle 58 | B64: =IF(I64="","",IF(AND(J64>=1,J64<=K64+3),IF(J64<=K64,IF(J64<=99,IF((INDEX(Eingabe!$G$9:$G$18,I64))<=9,1000+(INDEX(Eingabe!$G$9:$G$18,I64))*100,3000)+J64,IF((INDEX(Eingabe!$G$9:$G$18,I64)+1)<=9,1000+(INDEX(Eingabe!$G$9:$G$18,I64)+1)*100,3000)+J64-100),IF(J64=K64+1,2000+INDEX(Eingabe!$G$9:$G$18,I64)*10+1,IF(J64=K64+2,2000+INDEX(Eingabe!$G$9:$G$18,I64)*10+2,2000+INDEX(Eingabe!$G$9:$G$18,I64)*10+9))),"")) -> 1158 | C64: =IF(I64="","",IF(AND(J64>=1,J64<=K64+3),"10."&INDEX(Eingabe!$D$9:$D$18,I64)&"."&IF(J64<=K64,J64,IF(J64=K64+1,200,IF(J64=K64+2,201,250)))&".0/24","")) -> 10.1.58.0/24 | D64: =IF(I64="","",IF(AND(J64>=1,J64<=K64+3),"255.255.255.0","")) -> 255.255.255.0 | E64: =IF(I64="","",IF(AND(J64>=1,J64<=K64+3),"10."&INDEX(Eingabe!$D$9:$D$18,I64)&"."&IF(J64<=K64,J64,IF(J64=K64+1,200,IF(J64=K64+2,201,250)))&".1","")) -> 10.1.58.1 | F64: =IF(I64="","",IF(AND(J64>=1,J64<=K64+3),"10."&INDEX(Eingabe!$D$9:$D$18,I64)&"."&IF(J64<=K64,J64,IF(J64=K64+1,200,IF(J64=K64+2,201,250)))&".10 – 10."&INDEX(Eingabe!$D$9:$D$18,I64)&"."&IF(J64<=K64,J64,IF(J64=K64+1,200,IF(J64=K64+2,201,250)))&".250","")) -> 10.1.58.10 – 10.1.58.250 | G64: =IF(I64="","",IF(AND(J64>=1,J64<=K64),Eingabe!$B$6&"-"&INDEX(Eingabe!$C$9:$C$18,I64)&"-Pächter · Passwort Parzelle "&J64,IF(J64=K64+1,Eingabe!$B$6&"-"&INDEX(Eingabe!$C$9:$C$18,I64)&"-Vorstand · eigenes WLAN",IF(J64=K64+2,Eingabe!$B$6&"-"&INDEX(Eingabe!$C$9:$C$18,I64)&"-Gäste · Voucher",IF(J64=K64+3,"Kabel · Access Point y = .(50+y), Mast-Switch x = .(10+x)",""))))) -> SparteNet.de-BW-Pächter · Passwort Parzelle 58 | I64: =IF(59<=(Eingabe!$P$18+Eingabe!$Q$18-1),MATCH(59,Eingabe!$P$9:$P$18,1),"") -> 1 | J64: =IF(I64="","",59-INDEX(Eingabe!$P$9:$P$18,I64)) -> 58 | K64: =IF(I64="","",INDEX(Eingabe!$E$9:$E$18,I64)) -> 85
A65: =IF(I65="","",IF(J65=0,"Sparte "&I65&": "&INDEX(Eingabe!$B$9:$B$18,I65)&" (Sparten-ID "&INDEX(Eingabe!$D$9:$D$18,I65)&", "&K65&" Parzellen)",IF(J65<=K65," Parzelle "&J65,IF(J65=K65+1," Vorstand",IF(J65=K65+2," Gäste",IF(J65=K65+3," Technik (Switches, Access Points)","")))))) -> Parzelle 59 | B65: =IF(I65="","",IF(AND(J65>=1,J65<=K65+3),IF(J65<=K65,IF(J65<=99,IF((INDEX(Eingabe!$G$9:$G$18,I65))<=9,1000+(INDEX(Eingabe!$G$9:$G$18,I65))*100,3000)+J65,IF((INDEX(Eingabe!$G$9:$G$18,I65)+1)<=9,1000+(INDEX(Eingabe!$G$9:$G$18,I65)+1)*100,3000)+J65-100),IF(J65=K65+1,2000+INDEX(Eingabe!$G$9:$G$18,I65)*10+1,IF(J65=K65+2,2000+INDEX(Eingabe!$G$9:$G$18,I65)*10+2,2000+INDEX(Eingabe!$G$9:$G$18,I65)*10+9))),"")) -> 1159 | C65: =IF(I65="","",IF(AND(J65>=1,J65<=K65+3),"10."&INDEX(Eingabe!$D$9:$D$18,I65)&"."&IF(J65<=K65,J65,IF(J65=K65+1,200,IF(J65=K65+2,201,250)))&".0/24","")) -> 10.1.59.0/24 | D65: =IF(I65="","",IF(AND(J65>=1,J65<=K65+3),"255.255.255.0","")) -> 255.255.255.0 | E65: =IF(I65="","",IF(AND(J65>=1,J65<=K65+3),"10."&INDEX(Eingabe!$D$9:$D$18,I65)&"."&IF(J65<=K65,J65,IF(J65=K65+1,200,IF(J65=K65+2,201,250)))&".1","")) -> 10.1.59.1 | F65: =IF(I65="","",IF(AND(J65>=1,J65<=K65+3),"10."&INDEX(Eingabe!$D$9:$D$18,I65)&"."&IF(J65<=K65,J65,IF(J65=K65+1,200,IF(J65=K65+2,201,250)))&".10 – 10."&INDEX(Eingabe!$D$9:$D$18,I65)&"."&IF(J65<=K65,J65,IF(J65=K65+1,200,IF(J65=K65+2,201,250)))&".250","")) -> 10.1.59.10 – 10.1.59.250 | G65: =IF(I65="","",IF(AND(J65>=1,J65<=K65),Eingabe!$B$6&"-"&INDEX(Eingabe!$C$9:$C$18,I65)&"-Pächter · Passwort Parzelle "&J65,IF(J65=K65+1,Eingabe!$B$6&"-"&INDEX(Eingabe!$C$9:$C$18,I65)&"-Vorstand · eigenes WLAN",IF(J65=K65+2,Eingabe!$B$6&"-"&INDEX(Eingabe!$C$9:$C$18,I65)&"-Gäste · Voucher",IF(J65=K65+3,"Kabel · Access Point y = .(50+y), Mast-Switch x = .(10+x)",""))))) -> SparteNet.de-BW-Pächter · Passwort Parzelle 59 | I65: =IF(60<=(Eingabe!$P$18+Eingabe!$Q$18-1),MATCH(60,Eingabe!$P$9:$P$18,1),"") -> 1 | J65: =IF(I65="","",60-INDEX(Eingabe!$P$9:$P$18,I65)) -> 59 | K65: =IF(I65="","",INDEX(Eingabe!$E$9:$E$18,I65)) -> 85
A66: =IF(I66="","",IF(J66=0,"Sparte "&I66&": "&INDEX(Eingabe!$B$9:$B$18,I66)&" (Sparten-ID "&INDEX(Eingabe!$D$9:$D$18,I66)&", "&K66&" Parzellen)",IF(J66<=K66," Parzelle "&J66,IF(J66=K66+1," Vorstand",IF(J66=K66+2," Gäste",IF(J66=K66+3," Technik (Switches, Access Points)","")))))) -> Parzelle 60 | B66: =IF(I66="","",IF(AND(J66>=1,J66<=K66+3),IF(J66<=K66,IF(J66<=99,IF((INDEX(Eingabe!$G$9:$G$18,I66))<=9,1000+(INDEX(Eingabe!$G$9:$G$18,I66))*100,3000)+J66,IF((INDEX(Eingabe!$G$9:$G$18,I66)+1)<=9,1000+(INDEX(Eingabe!$G$9:$G$18,I66)+1)*100,3000)+J66-100),IF(J66=K66+1,2000+INDEX(Eingabe!$G$9:$G$18,I66)*10+1,IF(J66=K66+2,2000+INDEX(Eingabe!$G$9:$G$18,I66)*10+2,2000+INDEX(Eingabe!$G$9:$G$18,I66)*10+9))),"")) -> 1160 | C66: =IF(I66="","",IF(AND(J66>=1,J66<=K66+3),"10."&INDEX(Eingabe!$D$9:$D$18,I66)&"."&IF(J66<=K66,J66,IF(J66=K66+1,200,IF(J66=K66+2,201,250)))&".0/24","")) -> 10.1.60.0/24 | D66: =IF(I66="","",IF(AND(J66>=1,J66<=K66+3),"255.255.255.0","")) -> 255.255.255.0 | E66: =IF(I66="","",IF(AND(J66>=1,J66<=K66+3),"10."&INDEX(Eingabe!$D$9:$D$18,I66)&"."&IF(J66<=K66,J66,IF(J66=K66+1,200,IF(J66=K66+2,201,250)))&".1","")) -> 10.1.60.1 | F66: =IF(I66="","",IF(AND(J66>=1,J66<=K66+3),"10."&INDEX(Eingabe!$D$9:$D$18,I66)&"."&IF(J66<=K66,J66,IF(J66=K66+1,200,IF(J66=K66+2,201,250)))&".10 – 10."&INDEX(Eingabe!$D$9:$D$18,I66)&"."&IF(J66<=K66,J66,IF(J66=K66+1,200,IF(J66=K66+2,201,250)))&".250","")) -> 10.1.60.10 – 10.1.60.250 | G66: =IF(I66="","",IF(AND(J66>=1,J66<=K66),Eingabe!$B$6&"-"&INDEX(Eingabe!$C$9:$C$18,I66)&"-Pächter · Passwort Parzelle "&J66,IF(J66=K66+1,Eingabe!$B$6&"-"&INDEX(Eingabe!$C$9:$C$18,I66)&"-Vorstand · eigenes WLAN",IF(J66=K66+2,Eingabe!$B$6&"-"&INDEX(Eingabe!$C$9:$C$18,I66)&"-Gäste · Voucher",IF(J66=K66+3,"Kabel · Access Point y = .(50+y), Mast-Switch x = .(10+x)",""))))) -> SparteNet.de-BW-Pächter · Passwort Parzelle 60 | I66: =IF(61<=(Eingabe!$P$18+Eingabe!$Q$18-1),MATCH(61,Eingabe!$P$9:$P$18,1),"") -> 1 | J66: =IF(I66="","",61-INDEX(Eingabe!$P$9:$P$18,I66)) -> 60 | K66: =IF(I66="","",INDEX(Eingabe!$E$9:$E$18,I66)) -> 85
A67: =IF(I67="","",IF(J67=0,"Sparte "&I67&": "&INDEX(Eingabe!$B$9:$B$18,I67)&" (Sparten-ID "&INDEX(Eingabe!$D$9:$D$18,I67)&", "&K67&" Parzellen)",IF(J67<=K67," Parzelle "&J67,IF(J67=K67+1," Vorstand",IF(J67=K67+2," Gäste",IF(J67=K67+3," Technik (Switches, Access Points)","")))))) -> Parzelle 61 | B67: =IF(I67="","",IF(AND(J67>=1,J67<=K67+3),IF(J67<=K67,IF(J67<=99,IF((INDEX(Eingabe!$G$9:$G$18,I67))<=9,1000+(INDEX(Eingabe!$G$9:$G$18,I67))*100,3000)+J67,IF((INDEX(Eingabe!$G$9:$G$18,I67)+1)<=9,1000+(INDEX(Eingabe!$G$9:$G$18,I67)+1)*100,3000)+J67-100),IF(J67=K67+1,2000+INDEX(Eingabe!$G$9:$G$18,I67)*10+1,IF(J67=K67+2,2000+INDEX(Eingabe!$G$9:$G$18,I67)*10+2,2000+INDEX(Eingabe!$G$9:$G$18,I67)*10+9))),"")) -> 1161 | C67: =IF(I67="","",IF(AND(J67>=1,J67<=K67+3),"10."&INDEX(Eingabe!$D$9:$D$18,I67)&"."&IF(J67<=K67,J67,IF(J67=K67+1,200,IF(J67=K67+2,201,250)))&".0/24","")) -> 10.1.61.0/24 | D67: =IF(I67="","",IF(AND(J67>=1,J67<=K67+3),"255.255.255.0","")) -> 255.255.255.0 | E67: =IF(I67="","",IF(AND(J67>=1,J67<=K67+3),"10."&INDEX(Eingabe!$D$9:$D$18,I67)&"."&IF(J67<=K67,J67,IF(J67=K67+1,200,IF(J67=K67+2,201,250)))&".1","")) -> 10.1.61.1 | F67: =IF(I67="","",IF(AND(J67>=1,J67<=K67+3),"10."&INDEX(Eingabe!$D$9:$D$18,I67)&"."&IF(J67<=K67,J67,IF(J67=K67+1,200,IF(J67=K67+2,201,250)))&".10 – 10."&INDEX(Eingabe!$D$9:$D$18,I67)&"."&IF(J67<=K67,J67,IF(J67=K67+1,200,IF(J67=K67+2,201,250)))&".250","")) -> 10.1.61.10 – 10.1.61.250 | G67: =IF(I67="","",IF(AND(J67>=1,J67<=K67),Eingabe!$B$6&"-"&INDEX(Eingabe!$C$9:$C$18,I67)&"-Pächter · Passwort Parzelle "&J67,IF(J67=K67+1,Eingabe!$B$6&"-"&INDEX(Eingabe!$C$9:$C$18,I67)&"-Vorstand · eigenes WLAN",IF(J67=K67+2,Eingabe!$B$6&"-"&INDEX(Eingabe!$C$9:$C$18,I67)&"-Gäste · Voucher",IF(J67=K67+3,"Kabel · Access Point y = .(50+y), Mast-Switch x = .(10+x)",""))))) -> SparteNet.de-BW-Pächter · Passwort Parzelle 61 | I67: =IF(62<=(Eingabe!$P$18+Eingabe!$Q$18-1),MATCH(62,Eingabe!$P$9:$P$18,1),"") -> 1 | J67: =IF(I67="","",62-INDEX(Eingabe!$P$9:$P$18,I67)) -> 61 | K67: =IF(I67="","",INDEX(Eingabe!$E$9:$E$18,I67)) -> 85
A68: =IF(I68="","",IF(J68=0,"Sparte "&I68&": "&INDEX(Eingabe!$B$9:$B$18,I68)&" (Sparten-ID "&INDEX(Eingabe!$D$9:$D$18,I68)&", "&K68&" Parzellen)",IF(J68<=K68," Parzelle "&J68,IF(J68=K68+1," Vorstand",IF(J68=K68+2," Gäste",IF(J68=K68+3," Technik (Switches, Access Points)","")))))) -> Parzelle 62 | B68: =IF(I68="","",IF(AND(J68>=1,J68<=K68+3),IF(J68<=K68,IF(J68<=99,IF((INDEX(Eingabe!$G$9:$G$18,I68))<=9,1000+(INDEX(Eingabe!$G$9:$G$18,I68))*100,3000)+J68,IF((INDEX(Eingabe!$G$9:$G$18,I68)+1)<=9,1000+(INDEX(Eingabe!$G$9:$G$18,I68)+1)*100,3000)+J68-100),IF(J68=K68+1,2000+INDEX(Eingabe!$G$9:$G$18,I68)*10+1,IF(J68=K68+2,2000+INDEX(Eingabe!$G$9:$G$18,I68)*10+2,2000+INDEX(Eingabe!$G$9:$G$18,I68)*10+9))),"")) -> 1162 | C68: =IF(I68="","",IF(AND(J68>=1,J68<=K68+3),"10."&INDEX(Eingabe!$D$9:$D$18,I68)&"."&IF(J68<=K68,J68,IF(J68=K68+1,200,IF(J68=K68+2,201,250)))&".0/24","")) -> 10.1.62.0/24 | D68: =IF(I68="","",IF(AND(J68>=1,J68<=K68+3),"255.255.255.0","")) -> 255.255.255.0 | E68: =IF(I68="","",IF(AND(J68>=1,J68<=K68+3),"10."&INDEX(Eingabe!$D$9:$D$18,I68)&"."&IF(J68<=K68,J68,IF(J68=K68+1,200,IF(J68=K68+2,201,250)))&".1","")) -> 10.1.62.1 | F68: =IF(I68="","",IF(AND(J68>=1,J68<=K68+3),"10."&INDEX(Eingabe!$D$9:$D$18,I68)&"."&IF(J68<=K68,J68,IF(J68=K68+1,200,IF(J68=K68+2,201,250)))&".10 – 10."&INDEX(Eingabe!$D$9:$D$18,I68)&"."&IF(J68<=K68,J68,IF(J68=K68+1,200,IF(J68=K68+2,201,250)))&".250","")) -> 10.1.62.10 – 10.1.62.250 | G68: =IF(I68="","",IF(AND(J68>=1,J68<=K68),Eingabe!$B$6&"-"&INDEX(Eingabe!$C$9:$C$18,I68)&"-Pächter · Passwort Parzelle "&J68,IF(J68=K68+1,Eingabe!$B$6&"-"&INDEX(Eingabe!$C$9:$C$18,I68)&"-Vorstand · eigenes WLAN",IF(J68=K68+2,Eingabe!$B$6&"-"&INDEX(Eingabe!$C$9:$C$18,I68)&"-Gäste · Voucher",IF(J68=K68+3,"Kabel · Access Point y = .(50+y), Mast-Switch x = .(10+x)",""))))) -> SparteNet.de-BW-Pächter · Passwort Parzelle 62 | I68: =IF(63<=(Eingabe!$P$18+Eingabe!$Q$18-1),MATCH(63,Eingabe!$P$9:$P$18,1),"") -> 1 | J68: =IF(I68="","",63-INDEX(Eingabe!$P$9:$P$18,I68)) -> 62 | K68: =IF(I68="","",INDEX(Eingabe!$E$9:$E$18,I68)) -> 85
A69: =IF(I69="","",IF(J69=0,"Sparte "&I69&": "&INDEX(Eingabe!$B$9:$B$18,I69)&" (Sparten-ID "&INDEX(Eingabe!$D$9:$D$18,I69)&", "&K69&" Parzellen)",IF(J69<=K69," Parzelle "&J69,IF(J69=K69+1," Vorstand",IF(J69=K69+2," Gäste",IF(J69=K69+3," Technik (Switches, Access Points)","")))))) -> Parzelle 63 | B69: =IF(I69="","",IF(AND(J69>=1,J69<=K69+3),IF(J69<=K69,IF(J69<=99,IF((INDEX(Eingabe!$G$9:$G$18,I69))<=9,1000+(INDEX(Eingabe!$G$9:$G$18,I69))*100,3000)+J69,IF((INDEX(Eingabe!$G$9:$G$18,I69)+1)<=9,1000+(INDEX(Eingabe!$G$9:$G$18,I69)+1)*100,3000)+J69-100),IF(J69=K69+1,2000+INDEX(Eingabe!$G$9:$G$18,I69)*10+1,IF(J69=K69+2,2000+INDEX(Eingabe!$G$9:$G$18,I69)*10+2,2000+INDEX(Eingabe!$G$9:$G$18,I69)*10+9))),"")) -> 1163 | C69: =IF(I69="","",IF(AND(J69>=1,J69<=K69+3),"10."&INDEX(Eingabe!$D$9:$D$18,I69)&"."&IF(J69<=K69,J69,IF(J69=K69+1,200,IF(J69=K69+2,201,250)))&".0/24","")) -> 10.1.63.0/24 | D69: =IF(I69="","",IF(AND(J69>=1,J69<=K69+3),"255.255.255.0","")) -> 255.255.255.0 | E69: =IF(I69="","",IF(AND(J69>=1,J69<=K69+3),"10."&INDEX(Eingabe!$D$9:$D$18,I69)&"."&IF(J69<=K69,J69,IF(J69=K69+1,200,IF(J69=K69+2,201,250)))&".1","")) -> 10.1.63.1 | F69: =IF(I69="","",IF(AND(J69>=1,J69<=K69+3),"10."&INDEX(Eingabe!$D$9:$D$18,I69)&"."&IF(J69<=K69,J69,IF(J69=K69+1,200,IF(J69=K69+2,201,250)))&".10 – 10."&INDEX(Eingabe!$D$9:$D$18,I69)&"."&IF(J69<=K69,J69,IF(J69=K69+1,200,IF(J69=K69+2,201,250)))&".250","")) -> 10.1.63.10 – 10.1.63.250 | G69: =IF(I69="","",IF(AND(J69>=1,J69<=K69),Eingabe!$B$6&"-"&INDEX(Eingabe!$C$9:$C$18,I69)&"-Pächter · Passwort Parzelle "&J69,IF(J69=K69+1,Eingabe!$B$6&"-"&INDEX(Eingabe!$C$9:$C$18,I69)&"-Vorstand · eigenes WLAN",IF(J69=K69+2,Eingabe!$B$6&"-"&INDEX(Eingabe!$C$9:$C$18,I69)&"-Gäste · Voucher",IF(J69=K69+3,"Kabel · Access Point y = .(50+y), Mast-Switch x = .(10+x)",""))))) -> SparteNet.de-BW-Pächter · Passwort Parzelle 63 | I69: =IF(64<=(Eingabe!$P$18+Eingabe!$Q$18-1),MATCH(64,Eingabe!$P$9:$P$18,1),"") -> 1 | J69: =IF(I69="","",64-INDEX(Eingabe!$P$9:$P$18,I69)) -> 63 | K69: =IF(I69="","",INDEX(Eingabe!$E$9:$E$18,I69)) -> 85
A70: =IF(I70="","",IF(J70=0,"Sparte "&I70&": "&INDEX(Eingabe!$B$9:$B$18,I70)&" (Sparten-ID "&INDEX(Eingabe!$D$9:$D$18,I70)&", "&K70&" Parzellen)",IF(J70<=K70," Parzelle "&J70,IF(J70=K70+1," Vorstand",IF(J70=K70+2," Gäste",IF(J70=K70+3," Technik (Switches, Access Points)","")))))) -> Parzelle 64 | B70: =IF(I70="","",IF(AND(J70>=1,J70<=K70+3),IF(J70<=K70,IF(J70<=99,IF((INDEX(Eingabe!$G$9:$G$18,I70))<=9,1000+(INDEX(Eingabe!$G$9:$G$18,I70))*100,3000)+J70,IF((INDEX(Eingabe!$G$9:$G$18,I70)+1)<=9,1000+(INDEX(Eingabe!$G$9:$G$18,I70)+1)*100,3000)+J70-100),IF(J70=K70+1,2000+INDEX(Eingabe!$G$9:$G$18,I70)*10+1,IF(J70=K70+2,2000+INDEX(Eingabe!$G$9:$G$18,I70)*10+2,2000+INDEX(Eingabe!$G$9:$G$18,I70)*10+9))),"")) -> 1164 | C70: =IF(I70="","",IF(AND(J70>=1,J70<=K70+3),"10."&INDEX(Eingabe!$D$9:$D$18,I70)&"."&IF(J70<=K70,J70,IF(J70=K70+1,200,IF(J70=K70+2,201,250)))&".0/24","")) -> 10.1.64.0/24 | D70: =IF(I70="","",IF(AND(J70>=1,J70<=K70+3),"255.255.255.0","")) -> 255.255.255.0 | E70: =IF(I70="","",IF(AND(J70>=1,J70<=K70+3),"10."&INDEX(Eingabe!$D$9:$D$18,I70)&"."&IF(J70<=K70,J70,IF(J70=K70+1,200,IF(J70=K70+2,201,250)))&".1","")) -> 10.1.64.1 | F70: =IF(I70="","",IF(AND(J70>=1,J70<=K70+3),"10."&INDEX(Eingabe!$D$9:$D$18,I70)&"."&IF(J70<=K70,J70,IF(J70=K70+1,200,IF(J70=K70+2,201,250)))&".10 – 10."&INDEX(Eingabe!$D$9:$D$18,I70)&"."&IF(J70<=K70,J70,IF(J70=K70+1,200,IF(J70=K70+2,201,250)))&".250","")) -> 10.1.64.10 – 10.1.64.250 | G70: =IF(I70="","",IF(AND(J70>=1,J70<=K70),Eingabe!$B$6&"-"&INDEX(Eingabe!$C$9:$C$18,I70)&"-Pächter · Passwort Parzelle "&J70,IF(J70=K70+1,Eingabe!$B$6&"-"&INDEX(Eingabe!$C$9:$C$18,I70)&"-Vorstand · eigenes WLAN",IF(J70=K70+2,Eingabe!$B$6&"-"&INDEX(Eingabe!$C$9:$C$18,I70)&"-Gäste · Voucher",IF(J70=K70+3,"Kabel · Access Point y = .(50+y), Mast-Switch x = .(10+x)",""))))) -> SparteNet.de-BW-Pächter · Passwort Parzelle 64 | I70: =IF(65<=(Eingabe!$P$18+Eingabe!$Q$18-1),MATCH(65,Eingabe!$P$9:$P$18,1),"") -> 1 | J70: =IF(I70="","",65-INDEX(Eingabe!$P$9:$P$18,I70)) -> 64 | K70: =IF(I70="","",INDEX(Eingabe!$E$9:$E$18,I70)) -> 85
A71: =IF(I71="","",IF(J71=0,"Sparte "&I71&": "&INDEX(Eingabe!$B$9:$B$18,I71)&" (Sparten-ID "&INDEX(Eingabe!$D$9:$D$18,I71)&", "&K71&" Parzellen)",IF(J71<=K71," Parzelle "&J71,IF(J71=K71+1," Vorstand",IF(J71=K71+2," Gäste",IF(J71=K71+3," Technik (Switches, Access Points)","")))))) -> Parzelle 65 | B71: =IF(I71="","",IF(AND(J71>=1,J71<=K71+3),IF(J71<=K71,IF(J71<=99,IF((INDEX(Eingabe!$G$9:$G$18,I71))<=9,1000+(INDEX(Eingabe!$G$9:$G$18,I71))*100,3000)+J71,IF((INDEX(Eingabe!$G$9:$G$18,I71)+1)<=9,1000+(INDEX(Eingabe!$G$9:$G$18,I71)+1)*100,3000)+J71-100),IF(J71=K71+1,2000+INDEX(Eingabe!$G$9:$G$18,I71)*10+1,IF(J71=K71+2,2000+INDEX(Eingabe!$G$9:$G$18,I71)*10+2,2000+INDEX(Eingabe!$G$9:$G$18,I71)*10+9))),"")) -> 1165 | C71: =IF(I71="","",IF(AND(J71>=1,J71<=K71+3),"10."&INDEX(Eingabe!$D$9:$D$18,I71)&"."&IF(J71<=K71,J71,IF(J71=K71+1,200,IF(J71=K71+2,201,250)))&".0/24","")) -> 10.1.65.0/24 | D71: =IF(I71="","",IF(AND(J71>=1,J71<=K71+3),"255.255.255.0","")) -> 255.255.255.0 | E71: =IF(I71="","",IF(AND(J71>=1,J71<=K71+3),"10."&INDEX(Eingabe!$D$9:$D$18,I71)&"."&IF(J71<=K71,J71,IF(J71=K71+1,200,IF(J71=K71+2,201,250)))&".1","")) -> 10.1.65.1 | F71: =IF(I71="","",IF(AND(J71>=1,J71<=K71+3),"10."&INDEX(Eingabe!$D$9:$D$18,I71)&"."&IF(J71<=K71,J71,IF(J71=K71+1,200,IF(J71=K71+2,201,250)))&".10 – 10."&INDEX(Eingabe!$D$9:$D$18,I71)&"."&IF(J71<=K71,J71,IF(J71=K71+1,200,IF(J71=K71+2,201,250)))&".250","")) -> 10.1.65.10 – 10.1.65.250 | G71: =IF(I71="","",IF(AND(J71>=1,J71<=K71),Eingabe!$B$6&"-"&INDEX(Eingabe!$C$9:$C$18,I71)&"-Pächter · Passwort Parzelle "&J71,IF(J71=K71+1,Eingabe!$B$6&"-"&INDEX(Eingabe!$C$9:$C$18,I71)&"-Vorstand · eigenes WLAN",IF(J71=K71+2,Eingabe!$B$6&"-"&INDEX(Eingabe!$C$9:$C$18,I71)&"-Gäste · Voucher",IF(J71=K71+3,"Kabel · Access Point y = .(50+y), Mast-Switch x = .(10+x)",""))))) -> SparteNet.de-BW-Pächter · Passwort Parzelle 65 | I71: =IF(66<=(Eingabe!$P$18+Eingabe!$Q$18-1),MATCH(66,Eingabe!$P$9:$P$18,1),"") -> 1 | J71: =IF(I71="","",66-INDEX(Eingabe!$P$9:$P$18,I71)) -> 65 | K71: =IF(I71="","",INDEX(Eingabe!$E$9:$E$18,I71)) -> 85
A72: =IF(I72="","",IF(J72=0,"Sparte "&I72&": "&INDEX(Eingabe!$B$9:$B$18,I72)&" (Sparten-ID "&INDEX(Eingabe!$D$9:$D$18,I72)&", "&K72&" Parzellen)",IF(J72<=K72," Parzelle "&J72,IF(J72=K72+1," Vorstand",IF(J72=K72+2," Gäste",IF(J72=K72+3," Technik (Switches, Access Points)","")))))) -> Parzelle 66 | B72: =IF(I72="","",IF(AND(J72>=1,J72<=K72+3),IF(J72<=K72,IF(J72<=99,IF((INDEX(Eingabe!$G$9:$G$18,I72))<=9,1000+(INDEX(Eingabe!$G$9:$G$18,I72))*100,3000)+J72,IF((INDEX(Eingabe!$G$9:$G$18,I72)+1)<=9,1000+(INDEX(Eingabe!$G$9:$G$18,I72)+1)*100,3000)+J72-100),IF(J72=K72+1,2000+INDEX(Eingabe!$G$9:$G$18,I72)*10+1,IF(J72=K72+2,2000+INDEX(Eingabe!$G$9:$G$18,I72)*10+2,2000+INDEX(Eingabe!$G$9:$G$18,I72)*10+9))),"")) -> 1166 | C72: =IF(I72="","",IF(AND(J72>=1,J72<=K72+3),"10."&INDEX(Eingabe!$D$9:$D$18,I72)&"."&IF(J72<=K72,J72,IF(J72=K72+1,200,IF(J72=K72+2,201,250)))&".0/24","")) -> 10.1.66.0/24 | D72: =IF(I72="","",IF(AND(J72>=1,J72<=K72+3),"255.255.255.0","")) -> 255.255.255.0 | E72: =IF(I72="","",IF(AND(J72>=1,J72<=K72+3),"10."&INDEX(Eingabe!$D$9:$D$18,I72)&"."&IF(J72<=K72,J72,IF(J72=K72+1,200,IF(J72=K72+2,201,250)))&".1","")) -> 10.1.66.1 | F72: =IF(I72="","",IF(AND(J72>=1,J72<=K72+3),"10."&INDEX(Eingabe!$D$9:$D$18,I72)&"."&IF(J72<=K72,J72,IF(J72=K72+1,200,IF(J72=K72+2,201,250)))&".10 – 10."&INDEX(Eingabe!$D$9:$D$18,I72)&"."&IF(J72<=K72,J72,IF(J72=K72+1,200,IF(J72=K72+2,201,250)))&".250","")) -> 10.1.66.10 – 10.1.66.250 | G72: =IF(I72="","",IF(AND(J72>=1,J72<=K72),Eingabe!$B$6&"-"&INDEX(Eingabe!$C$9:$C$18,I72)&"-Pächter · Passwort Parzelle "&J72,IF(J72=K72+1,Eingabe!$B$6&"-"&INDEX(Eingabe!$C$9:$C$18,I72)&"-Vorstand · eigenes WLAN",IF(J72=K72+2,Eingabe!$B$6&"-"&INDEX(Eingabe!$C$9:$C$18,I72)&"-Gäste · Voucher",IF(J72=K72+3,"Kabel · Access Point y = .(50+y), Mast-Switch x = .(10+x)",""))))) -> SparteNet.de-BW-Pächter · Passwort Parzelle 66 | I72: =IF(67<=(Eingabe!$P$18+Eingabe!$Q$18-1),MATCH(67,Eingabe!$P$9:$P$18,1),"") -> 1 | J72: =IF(I72="","",67-INDEX(Eingabe!$P$9:$P$18,I72)) -> 66 | K72: =IF(I72="","",INDEX(Eingabe!$E$9:$E$18,I72)) -> 85
A73: =IF(I73="","",IF(J73=0,"Sparte "&I73&": "&INDEX(Eingabe!$B$9:$B$18,I73)&" (Sparten-ID "&INDEX(Eingabe!$D$9:$D$18,I73)&", "&K73&" Parzellen)",IF(J73<=K73," Parzelle "&J73,IF(J73=K73+1," Vorstand",IF(J73=K73+2," Gäste",IF(J73=K73+3," Technik (Switches, Access Points)","")))))) -> Parzelle 67 | B73: =IF(I73="","",IF(AND(J73>=1,J73<=K73+3),IF(J73<=K73,IF(J73<=99,IF((INDEX(Eingabe!$G$9:$G$18,I73))<=9,1000+(INDEX(Eingabe!$G$9:$G$18,I73))*100,3000)+J73,IF((INDEX(Eingabe!$G$9:$G$18,I73)+1)<=9,1000+(INDEX(Eingabe!$G$9:$G$18,I73)+1)*100,3000)+J73-100),IF(J73=K73+1,2000+INDEX(Eingabe!$G$9:$G$18,I73)*10+1,IF(J73=K73+2,2000+INDEX(Eingabe!$G$9:$G$18,I73)*10+2,2000+INDEX(Eingabe!$G$9:$G$18,I73)*10+9))),"")) -> 1167 | C73: =IF(I73="","",IF(AND(J73>=1,J73<=K73+3),"10."&INDEX(Eingabe!$D$9:$D$18,I73)&"."&IF(J73<=K73,J73,IF(J73=K73+1,200,IF(J73=K73+2,201,250)))&".0/24","")) -> 10.1.67.0/24 | D73: =IF(I73="","",IF(AND(J73>=1,J73<=K73+3),"255.255.255.0","")) -> 255.255.255.0 | E73: =IF(I73="","",IF(AND(J73>=1,J73<=K73+3),"10."&INDEX(Eingabe!$D$9:$D$18,I73)&"."&IF(J73<=K73,J73,IF(J73=K73+1,200,IF(J73=K73+2,201,250)))&".1","")) -> 10.1.67.1 | F73: =IF(I73="","",IF(AND(J73>=1,J73<=K73+3),"10."&INDEX(Eingabe!$D$9:$D$18,I73)&"."&IF(J73<=K73,J73,IF(J73=K73+1,200,IF(J73=K73+2,201,250)))&".10 – 10."&INDEX(Eingabe!$D$9:$D$18,I73)&"."&IF(J73<=K73,J73,IF(J73=K73+1,200,IF(J73=K73+2,201,250)))&".250","")) -> 10.1.67.10 – 10.1.67.250 | G73: =IF(I73="","",IF(AND(J73>=1,J73<=K73),Eingabe!$B$6&"-"&INDEX(Eingabe!$C$9:$C$18,I73)&"-Pächter · Passwort Parzelle "&J73,IF(J73=K73+1,Eingabe!$B$6&"-"&INDEX(Eingabe!$C$9:$C$18,I73)&"-Vorstand · eigenes WLAN",IF(J73=K73+2,Eingabe!$B$6&"-"&INDEX(Eingabe!$C$9:$C$18,I73)&"-Gäste · Voucher",IF(J73=K73+3,"Kabel · Access Point y = .(50+y), Mast-Switch x = .(10+x)",""))))) -> SparteNet.de-BW-Pächter · Passwort Parzelle 67 | I73: =IF(68<=(Eingabe!$P$18+Eingabe!$Q$18-1),MATCH(68,Eingabe!$P$9:$P$18,1),"") -> 1 | J73: =IF(I73="","",68-INDEX(Eingabe!$P$9:$P$18,I73)) -> 67 | K73: =IF(I73="","",INDEX(Eingabe!$E$9:$E$18,I73)) -> 85
A74: =IF(I74="","",IF(J74=0,"Sparte "&I74&": "&INDEX(Eingabe!$B$9:$B$18,I74)&" (Sparten-ID "&INDEX(Eingabe!$D$9:$D$18,I74)&", "&K74&" Parzellen)",IF(J74<=K74," Parzelle "&J74,IF(J74=K74+1," Vorstand",IF(J74=K74+2," Gäste",IF(J74=K74+3," Technik (Switches, Access Points)","")))))) -> Parzelle 68 | B74: =IF(I74="","",IF(AND(J74>=1,J74<=K74+3),IF(J74<=K74,IF(J74<=99,IF((INDEX(Eingabe!$G$9:$G$18,I74))<=9,1000+(INDEX(Eingabe!$G$9:$G$18,I74))*100,3000)+J74,IF((INDEX(Eingabe!$G$9:$G$18,I74)+1)<=9,1000+(INDEX(Eingabe!$G$9:$G$18,I74)+1)*100,3000)+J74-100),IF(J74=K74+1,2000+INDEX(Eingabe!$G$9:$G$18,I74)*10+1,IF(J74=K74+2,2000+INDEX(Eingabe!$G$9:$G$18,I74)*10+2,2000+INDEX(Eingabe!$G$9:$G$18,I74)*10+9))),"")) -> 1168 | C74: =IF(I74="","",IF(AND(J74>=1,J74<=K74+3),"10."&INDEX(Eingabe!$D$9:$D$18,I74)&"."&IF(J74<=K74,J74,IF(J74=K74+1,200,IF(J74=K74+2,201,250)))&".0/24","")) -> 10.1.68.0/24 | D74: =IF(I74="","",IF(AND(J74>=1,J74<=K74+3),"255.255.255.0","")) -> 255.255.255.0 | E74: =IF(I74="","",IF(AND(J74>=1,J74<=K74+3),"10."&INDEX(Eingabe!$D$9:$D$18,I74)&"."&IF(J74<=K74,J74,IF(J74=K74+1,200,IF(J74=K74+2,201,250)))&".1","")) -> 10.1.68.1 | F74: =IF(I74="","",IF(AND(J74>=1,J74<=K74+3),"10."&INDEX(Eingabe!$D$9:$D$18,I74)&"."&IF(J74<=K74,J74,IF(J74=K74+1,200,IF(J74=K74+2,201,250)))&".10 – 10."&INDEX(Eingabe!$D$9:$D$18,I74)&"."&IF(J74<=K74,J74,IF(J74=K74+1,200,IF(J74=K74+2,201,250)))&".250","")) -> 10.1.68.10 – 10.1.68.250 | G74: =IF(I74="","",IF(AND(J74>=1,J74<=K74),Eingabe!$B$6&"-"&INDEX(Eingabe!$C$9:$C$18,I74)&"-Pächter · Passwort Parzelle "&J74,IF(J74=K74+1,Eingabe!$B$6&"-"&INDEX(Eingabe!$C$9:$C$18,I74)&"-Vorstand · eigenes WLAN",IF(J74=K74+2,Eingabe!$B$6&"-"&INDEX(Eingabe!$C$9:$C$18,I74)&"-Gäste · Voucher",IF(J74=K74+3,"Kabel · Access Point y = .(50+y), Mast-Switch x = .(10+x)",""))))) -> SparteNet.de-BW-Pächter · Passwort Parzelle 68 | I74: =IF(69<=(Eingabe!$P$18+Eingabe!$Q$18-1),MATCH(69,Eingabe!$P$9:$P$18,1),"") -> 1 | J74: =IF(I74="","",69-INDEX(Eingabe!$P$9:$P$18,I74)) -> 68 | K74: =IF(I74="","",INDEX(Eingabe!$E$9:$E$18,I74)) -> 85
A75: =IF(I75="","",IF(J75=0,"Sparte "&I75&": "&INDEX(Eingabe!$B$9:$B$18,I75)&" (Sparten-ID "&INDEX(Eingabe!$D$9:$D$18,I75)&", "&K75&" Parzellen)",IF(J75<=K75," Parzelle "&J75,IF(J75=K75+1," Vorstand",IF(J75=K75+2," Gäste",IF(J75=K75+3," Technik (Switches, Access Points)","")))))) -> Parzelle 69 | B75: =IF(I75="","",IF(AND(J75>=1,J75<=K75+3),IF(J75<=K75,IF(J75<=99,IF((INDEX(Eingabe!$G$9:$G$18,I75))<=9,1000+(INDEX(Eingabe!$G$9:$G$18,I75))*100,3000)+J75,IF((INDEX(Eingabe!$G$9:$G$18,I75)+1)<=9,1000+(INDEX(Eingabe!$G$9:$G$18,I75)+1)*100,3000)+J75-100),IF(J75=K75+1,2000+INDEX(Eingabe!$G$9:$G$18,I75)*10+1,IF(J75=K75+2,2000+INDEX(Eingabe!$G$9:$G$18,I75)*10+2,2000+INDEX(Eingabe!$G$9:$G$18,I75)*10+9))),"")) -> 1169 | C75: =IF(I75="","",IF(AND(J75>=1,J75<=K75+3),"10."&INDEX(Eingabe!$D$9:$D$18,I75)&"."&IF(J75<=K75,J75,IF(J75=K75+1,200,IF(J75=K75+2,201,250)))&".0/24","")) -> 10.1.69.0/24 | D75: =IF(I75="","",IF(AND(J75>=1,J75<=K75+3),"255.255.255.0","")) -> 255.255.255.0 | E75: =IF(I75="","",IF(AND(J75>=1,J75<=K75+3),"10."&INDEX(Eingabe!$D$9:$D$18,I75)&"."&IF(J75<=K75,J75,IF(J75=K75+1,200,IF(J75=K75+2,201,250)))&".1","")) -> 10.1.69.1 | F75: =IF(I75="","",IF(AND(J75>=1,J75<=K75+3),"10."&INDEX(Eingabe!$D$9:$D$18,I75)&"."&IF(J75<=K75,J75,IF(J75=K75+1,200,IF(J75=K75+2,201,250)))&".10 – 10."&INDEX(Eingabe!$D$9:$D$18,I75)&"."&IF(J75<=K75,J75,IF(J75=K75+1,200,IF(J75=K75+2,201,250)))&".250","")) -> 10.1.69.10 – 10.1.69.250 | G75: =IF(I75="","",IF(AND(J75>=1,J75<=K75),Eingabe!$B$6&"-"&INDEX(Eingabe!$C$9:$C$18,I75)&"-Pächter · Passwort Parzelle "&J75,IF(J75=K75+1,Eingabe!$B$6&"-"&INDEX(Eingabe!$C$9:$C$18,I75)&"-Vorstand · eigenes WLAN",IF(J75=K75+2,Eingabe!$B$6&"-"&INDEX(Eingabe!$C$9:$C$18,I75)&"-Gäste · Voucher",IF(J75=K75+3,"Kabel · Access Point y = .(50+y), Mast-Switch x = .(10+x)",""))))) -> SparteNet.de-BW-Pächter · Passwort Parzelle 69 | I75: =IF(70<=(Eingabe!$P$18+Eingabe!$Q$18-1),MATCH(70,Eingabe!$P$9:$P$18,1),"") -> 1 | J75: =IF(I75="","",70-INDEX(Eingabe!$P$9:$P$18,I75)) -> 69 | K75: =IF(I75="","",INDEX(Eingabe!$E$9:$E$18,I75)) -> 85
A76: =IF(I76="","",IF(J76=0,"Sparte "&I76&": "&INDEX(Eingabe!$B$9:$B$18,I76)&" (Sparten-ID "&INDEX(Eingabe!$D$9:$D$18,I76)&", "&K76&" Parzellen)",IF(J76<=K76," Parzelle "&J76,IF(J76=K76+1," Vorstand",IF(J76=K76+2," Gäste",IF(J76=K76+3," Technik (Switches, Access Points)","")))))) -> Parzelle 70 | B76: =IF(I76="","",IF(AND(J76>=1,J76<=K76+3),IF(J76<=K76,IF(J76<=99,IF((INDEX(Eingabe!$G$9:$G$18,I76))<=9,1000+(INDEX(Eingabe!$G$9:$G$18,I76))*100,3000)+J76,IF((INDEX(Eingabe!$G$9:$G$18,I76)+1)<=9,1000+(INDEX(Eingabe!$G$9:$G$18,I76)+1)*100,3000)+J76-100),IF(J76=K76+1,2000+INDEX(Eingabe!$G$9:$G$18,I76)*10+1,IF(J76=K76+2,2000+INDEX(Eingabe!$G$9:$G$18,I76)*10+2,2000+INDEX(Eingabe!$G$9:$G$18,I76)*10+9))),"")) -> 1170 | C76: =IF(I76="","",IF(AND(J76>=1,J76<=K76+3),"10."&INDEX(Eingabe!$D$9:$D$18,I76)&"."&IF(J76<=K76,J76,IF(J76=K76+1,200,IF(J76=K76+2,201,250)))&".0/24","")) -> 10.1.70.0/24 | D76: =IF(I76="","",IF(AND(J76>=1,J76<=K76+3),"255.255.255.0","")) -> 255.255.255.0 | E76: =IF(I76="","",IF(AND(J76>=1,J76<=K76+3),"10."&INDEX(Eingabe!$D$9:$D$18,I76)&"."&IF(J76<=K76,J76,IF(J76=K76+1,200,IF(J76=K76+2,201,250)))&".1","")) -> 10.1.70.1 | F76: =IF(I76="","",IF(AND(J76>=1,J76<=K76+3),"10."&INDEX(Eingabe!$D$9:$D$18,I76)&"."&IF(J76<=K76,J76,IF(J76=K76+1,200,IF(J76=K76+2,201,250)))&".10 – 10."&INDEX(Eingabe!$D$9:$D$18,I76)&"."&IF(J76<=K76,J76,IF(J76=K76+1,200,IF(J76=K76+2,201,250)))&".250","")) -> 10.1.70.10 – 10.1.70.250 | G76: =IF(I76="","",IF(AND(J76>=1,J76<=K76),Eingabe!$B$6&"-"&INDEX(Eingabe!$C$9:$C$18,I76)&"-Pächter · Passwort Parzelle "&J76,IF(J76=K76+1,Eingabe!$B$6&"-"&INDEX(Eingabe!$C$9:$C$18,I76)&"-Vorstand · eigenes WLAN",IF(J76=K76+2,Eingabe!$B$6&"-"&INDEX(Eingabe!$C$9:$C$18,I76)&"-Gäste · Voucher",IF(J76=K76+3,"Kabel · Access Point y = .(50+y), Mast-Switch x = .(10+x)",""))))) -> SparteNet.de-BW-Pächter · Passwort Parzelle 70 | I76: =IF(71<=(Eingabe!$P$18+Eingabe!$Q$18-1),MATCH(71,Eingabe!$P$9:$P$18,1),"") -> 1 | J76: =IF(I76="","",71-INDEX(Eingabe!$P$9:$P$18,I76)) -> 70 | K76: =IF(I76="","",INDEX(Eingabe!$E$9:$E$18,I76)) -> 85
A77: =IF(I77="","",IF(J77=0,"Sparte "&I77&": "&INDEX(Eingabe!$B$9:$B$18,I77)&" (Sparten-ID "&INDEX(Eingabe!$D$9:$D$18,I77)&", "&K77&" Parzellen)",IF(J77<=K77," Parzelle "&J77,IF(J77=K77+1," Vorstand",IF(J77=K77+2," Gäste",IF(J77=K77+3," Technik (Switches, Access Points)","")))))) -> Parzelle 71 | B77: =IF(I77="","",IF(AND(J77>=1,J77<=K77+3),IF(J77<=K77,IF(J77<=99,IF((INDEX(Eingabe!$G$9:$G$18,I77))<=9,1000+(INDEX(Eingabe!$G$9:$G$18,I77))*100,3000)+J77,IF((INDEX(Eingabe!$G$9:$G$18,I77)+1)<=9,1000+(INDEX(Eingabe!$G$9:$G$18,I77)+1)*100,3000)+J77-100),IF(J77=K77+1,2000+INDEX(Eingabe!$G$9:$G$18,I77)*10+1,IF(J77=K77+2,2000+INDEX(Eingabe!$G$9:$G$18,I77)*10+2,2000+INDEX(Eingabe!$G$9:$G$18,I77)*10+9))),"")) -> 1171 | C77: =IF(I77="","",IF(AND(J77>=1,J77<=K77+3),"10."&INDEX(Eingabe!$D$9:$D$18,I77)&"."&IF(J77<=K77,J77,IF(J77=K77+1,200,IF(J77=K77+2,201,250)))&".0/24","")) -> 10.1.71.0/24 | D77: =IF(I77="","",IF(AND(J77>=1,J77<=K77+3),"255.255.255.0","")) -> 255.255.255.0 | E77: =IF(I77="","",IF(AND(J77>=1,J77<=K77+3),"10."&INDEX(Eingabe!$D$9:$D$18,I77)&"."&IF(J77<=K77,J77,IF(J77=K77+1,200,IF(J77=K77+2,201,250)))&".1","")) -> 10.1.71.1 | F77: =IF(I77="","",IF(AND(J77>=1,J77<=K77+3),"10."&INDEX(Eingabe!$D$9:$D$18,I77)&"."&IF(J77<=K77,J77,IF(J77=K77+1,200,IF(J77=K77+2,201,250)))&".10 – 10."&INDEX(Eingabe!$D$9:$D$18,I77)&"."&IF(J77<=K77,J77,IF(J77=K77+1,200,IF(J77=K77+2,201,250)))&".250","")) -> 10.1.71.10 – 10.1.71.250 | G77: =IF(I77="","",IF(AND(J77>=1,J77<=K77),Eingabe!$B$6&"-"&INDEX(Eingabe!$C$9:$C$18,I77)&"-Pächter · Passwort Parzelle "&J77,IF(J77=K77+1,Eingabe!$B$6&"-"&INDEX(Eingabe!$C$9:$C$18,I77)&"-Vorstand · eigenes WLAN",IF(J77=K77+2,Eingabe!$B$6&"-"&INDEX(Eingabe!$C$9:$C$18,I77)&"-Gäste · Voucher",IF(J77=K77+3,"Kabel · Access Point y = .(50+y), Mast-Switch x = .(10+x)",""))))) -> SparteNet.de-BW-Pächter · Passwort Parzelle 71 | I77: =IF(72<=(Eingabe!$P$18+Eingabe!$Q$18-1),MATCH(72,Eingabe!$P$9:$P$18,1),"") -> 1 | J77: =IF(I77="","",72-INDEX(Eingabe!$P$9:$P$18,I77)) -> 71 | K77: =IF(I77="","",INDEX(Eingabe!$E$9:$E$18,I77)) -> 85
A78: =IF(I78="","",IF(J78=0,"Sparte "&I78&": "&INDEX(Eingabe!$B$9:$B$18,I78)&" (Sparten-ID "&INDEX(Eingabe!$D$9:$D$18,I78)&", "&K78&" Parzellen)",IF(J78<=K78," Parzelle "&J78,IF(J78=K78+1," Vorstand",IF(J78=K78+2," Gäste",IF(J78=K78+3," Technik (Switches, Access Points)","")))))) -> Parzelle 72 | B78: =IF(I78="","",IF(AND(J78>=1,J78<=K78+3),IF(J78<=K78,IF(J78<=99,IF((INDEX(Eingabe!$G$9:$G$18,I78))<=9,1000+(INDEX(Eingabe!$G$9:$G$18,I78))*100,3000)+J78,IF((INDEX(Eingabe!$G$9:$G$18,I78)+1)<=9,1000+(INDEX(Eingabe!$G$9:$G$18,I78)+1)*100,3000)+J78-100),IF(J78=K78+1,2000+INDEX(Eingabe!$G$9:$G$18,I78)*10+1,IF(J78=K78+2,2000+INDEX(Eingabe!$G$9:$G$18,I78)*10+2,2000+INDEX(Eingabe!$G$9:$G$18,I78)*10+9))),"")) -> 1172 | C78: =IF(I78="","",IF(AND(J78>=1,J78<=K78+3),"10."&INDEX(Eingabe!$D$9:$D$18,I78)&"."&IF(J78<=K78,J78,IF(J78=K78+1,200,IF(J78=K78+2,201,250)))&".0/24","")) -> 10.1.72.0/24 | D78: =IF(I78="","",IF(AND(J78>=1,J78<=K78+3),"255.255.255.0","")) -> 255.255.255.0 | E78: =IF(I78="","",IF(AND(J78>=1,J78<=K78+3),"10."&INDEX(Eingabe!$D$9:$D$18,I78)&"."&IF(J78<=K78,J78,IF(J78=K78+1,200,IF(J78=K78+2,201,250)))&".1","")) -> 10.1.72.1 | F78: =IF(I78="","",IF(AND(J78>=1,J78<=K78+3),"10."&INDEX(Eingabe!$D$9:$D$18,I78)&"."&IF(J78<=K78,J78,IF(J78=K78+1,200,IF(J78=K78+2,201,250)))&".10 – 10."&INDEX(Eingabe!$D$9:$D$18,I78)&"."&IF(J78<=K78,J78,IF(J78=K78+1,200,IF(J78=K78+2,201,250)))&".250","")) -> 10.1.72.10 – 10.1.72.250 | G78: =IF(I78="","",IF(AND(J78>=1,J78<=K78),Eingabe!$B$6&"-"&INDEX(Eingabe!$C$9:$C$18,I78)&"-Pächter · Passwort Parzelle "&J78,IF(J78=K78+1,Eingabe!$B$6&"-"&INDEX(Eingabe!$C$9:$C$18,I78)&"-Vorstand · eigenes WLAN",IF(J78=K78+2,Eingabe!$B$6&"-"&INDEX(Eingabe!$C$9:$C$18,I78)&"-Gäste · Voucher",IF(J78=K78+3,"Kabel · Access Point y = .(50+y), Mast-Switch x = .(10+x)",""))))) -> SparteNet.de-BW-Pächter · Passwort Parzelle 72 | I78: =IF(73<=(Eingabe!$P$18+Eingabe!$Q$18-1),MATCH(73,Eingabe!$P$9:$P$18,1),"") -> 1 | J78: =IF(I78="","",73-INDEX(Eingabe!$P$9:$P$18,I78)) -> 72 | K78: =IF(I78="","",INDEX(Eingabe!$E$9:$E$18,I78)) -> 85
A79: =IF(I79="","",IF(J79=0,"Sparte "&I79&": "&INDEX(Eingabe!$B$9:$B$18,I79)&" (Sparten-ID "&INDEX(Eingabe!$D$9:$D$18,I79)&", "&K79&" Parzellen)",IF(J79<=K79," Parzelle "&J79,IF(J79=K79+1," Vorstand",IF(J79=K79+2," Gäste",IF(J79=K79+3," Technik (Switches, Access Points)","")))))) -> Parzelle 73 | B79: =IF(I79="","",IF(AND(J79>=1,J79<=K79+3),IF(J79<=K79,IF(J79<=99,IF((INDEX(Eingabe!$G$9:$G$18,I79))<=9,1000+(INDEX(Eingabe!$G$9:$G$18,I79))*100,3000)+J79,IF((INDEX(Eingabe!$G$9:$G$18,I79)+1)<=9,1000+(INDEX(Eingabe!$G$9:$G$18,I79)+1)*100,3000)+J79-100),IF(J79=K79+1,2000+INDEX(Eingabe!$G$9:$G$18,I79)*10+1,IF(J79=K79+2,2000+INDEX(Eingabe!$G$9:$G$18,I79)*10+2,2000+INDEX(Eingabe!$G$9:$G$18,I79)*10+9))),"")) -> 1173 | C79: =IF(I79="","",IF(AND(J79>=1,J79<=K79+3),"10."&INDEX(Eingabe!$D$9:$D$18,I79)&"."&IF(J79<=K79,J79,IF(J79=K79+1,200,IF(J79=K79+2,201,250)))&".0/24","")) -> 10.1.73.0/24 | D79: =IF(I79="","",IF(AND(J79>=1,J79<=K79+3),"255.255.255.0","")) -> 255.255.255.0 | E79: =IF(I79="","",IF(AND(J79>=1,J79<=K79+3),"10."&INDEX(Eingabe!$D$9:$D$18,I79)&"."&IF(J79<=K79,J79,IF(J79=K79+1,200,IF(J79=K79+2,201,250)))&".1","")) -> 10.1.73.1 | F79: =IF(I79="","",IF(AND(J79>=1,J79<=K79+3),"10."&INDEX(Eingabe!$D$9:$D$18,I79)&"."&IF(J79<=K79,J79,IF(J79=K79+1,200,IF(J79=K79+2,201,250)))&".10 – 10."&INDEX(Eingabe!$D$9:$D$18,I79)&"."&IF(J79<=K79,J79,IF(J79=K79+1,200,IF(J79=K79+2,201,250)))&".250","")) -> 10.1.73.10 – 10.1.73.250 | G79: =IF(I79="","",IF(AND(J79>=1,J79<=K79),Eingabe!$B$6&"-"&INDEX(Eingabe!$C$9:$C$18,I79)&"-Pächter · Passwort Parzelle "&J79,IF(J79=K79+1,Eingabe!$B$6&"-"&INDEX(Eingabe!$C$9:$C$18,I79)&"-Vorstand · eigenes WLAN",IF(J79=K79+2,Eingabe!$B$6&"-"&INDEX(Eingabe!$C$9:$C$18,I79)&"-Gäste · Voucher",IF(J79=K79+3,"Kabel · Access Point y = .(50+y), Mast-Switch x = .(10+x)",""))))) -> SparteNet.de-BW-Pächter · Passwort Parzelle 73 | I79: =IF(74<=(Eingabe!$P$18+Eingabe!$Q$18-1),MATCH(74,Eingabe!$P$9:$P$18,1),"") -> 1 | J79: =IF(I79="","",74-INDEX(Eingabe!$P$9:$P$18,I79)) -> 73 | K79: =IF(I79="","",INDEX(Eingabe!$E$9:$E$18,I79)) -> 85
A80: =IF(I80="","",IF(J80=0,"Sparte "&I80&": "&INDEX(Eingabe!$B$9:$B$18,I80)&" (Sparten-ID "&INDEX(Eingabe!$D$9:$D$18,I80)&", "&K80&" Parzellen)",IF(J80<=K80," Parzelle "&J80,IF(J80=K80+1," Vorstand",IF(J80=K80+2," Gäste",IF(J80=K80+3," Technik (Switches, Access Points)","")))))) -> Parzelle 74 | B80: =IF(I80="","",IF(AND(J80>=1,J80<=K80+3),IF(J80<=K80,IF(J80<=99,IF((INDEX(Eingabe!$G$9:$G$18,I80))<=9,1000+(INDEX(Eingabe!$G$9:$G$18,I80))*100,3000)+J80,IF((INDEX(Eingabe!$G$9:$G$18,I80)+1)<=9,1000+(INDEX(Eingabe!$G$9:$G$18,I80)+1)*100,3000)+J80-100),IF(J80=K80+1,2000+INDEX(Eingabe!$G$9:$G$18,I80)*10+1,IF(J80=K80+2,2000+INDEX(Eingabe!$G$9:$G$18,I80)*10+2,2000+INDEX(Eingabe!$G$9:$G$18,I80)*10+9))),"")) -> 1174 | C80: =IF(I80="","",IF(AND(J80>=1,J80<=K80+3),"10."&INDEX(Eingabe!$D$9:$D$18,I80)&"."&IF(J80<=K80,J80,IF(J80=K80+1,200,IF(J80=K80+2,201,250)))&".0/24","")) -> 10.1.74.0/24 | D80: =IF(I80="","",IF(AND(J80>=1,J80<=K80+3),"255.255.255.0","")) -> 255.255.255.0 | E80: =IF(I80="","",IF(AND(J80>=1,J80<=K80+3),"10."&INDEX(Eingabe!$D$9:$D$18,I80)&"."&IF(J80<=K80,J80,IF(J80=K80+1,200,IF(J80=K80+2,201,250)))&".1","")) -> 10.1.74.1 | F80: =IF(I80="","",IF(AND(J80>=1,J80<=K80+3),"10."&INDEX(Eingabe!$D$9:$D$18,I80)&"."&IF(J80<=K80,J80,IF(J80=K80+1,200,IF(J80=K80+2,201,250)))&".10 – 10."&INDEX(Eingabe!$D$9:$D$18,I80)&"."&IF(J80<=K80,J80,IF(J80=K80+1,200,IF(J80=K80+2,201,250)))&".250","")) -> 10.1.74.10 – 10.1.74.250 | G80: =IF(I80="","",IF(AND(J80>=1,J80<=K80),Eingabe!$B$6&"-"&INDEX(Eingabe!$C$9:$C$18,I80)&"-Pächter · Passwort Parzelle "&J80,IF(J80=K80+1,Eingabe!$B$6&"-"&INDEX(Eingabe!$C$9:$C$18,I80)&"-Vorstand · eigenes WLAN",IF(J80=K80+2,Eingabe!$B$6&"-"&INDEX(Eingabe!$C$9:$C$18,I80)&"-Gäste · Voucher",IF(J80=K80+3,"Kabel · Access Point y = .(50+y), Mast-Switch x = .(10+x)",""))))) -> SparteNet.de-BW-Pächter · Passwort Parzelle 74 | I80: =IF(75<=(Eingabe!$P$18+Eingabe!$Q$18-1),MATCH(75,Eingabe!$P$9:$P$18,1),"") -> 1 | J80: =IF(I80="","",75-INDEX(Eingabe!$P$9:$P$18,I80)) -> 74 | K80: =IF(I80="","",INDEX(Eingabe!$E$9:$E$18,I80)) -> 85
A81: =IF(I81="","",IF(J81=0,"Sparte "&I81&": "&INDEX(Eingabe!$B$9:$B$18,I81)&" (Sparten-ID "&INDEX(Eingabe!$D$9:$D$18,I81)&", "&K81&" Parzellen)",IF(J81<=K81," Parzelle "&J81,IF(J81=K81+1," Vorstand",IF(J81=K81+2," Gäste",IF(J81=K81+3," Technik (Switches, Access Points)","")))))) -> Parzelle 75 | B81: =IF(I81="","",IF(AND(J81>=1,J81<=K81+3),IF(J81<=K81,IF(J81<=99,IF((INDEX(Eingabe!$G$9:$G$18,I81))<=9,1000+(INDEX(Eingabe!$G$9:$G$18,I81))*100,3000)+J81,IF((INDEX(Eingabe!$G$9:$G$18,I81)+1)<=9,1000+(INDEX(Eingabe!$G$9:$G$18,I81)+1)*100,3000)+J81-100),IF(J81=K81+1,2000+INDEX(Eingabe!$G$9:$G$18,I81)*10+1,IF(J81=K81+2,2000+INDEX(Eingabe!$G$9:$G$18,I81)*10+2,2000+INDEX(Eingabe!$G$9:$G$18,I81)*10+9))),"")) -> 1175 | C81: =IF(I81="","",IF(AND(J81>=1,J81<=K81+3),"10."&INDEX(Eingabe!$D$9:$D$18,I81)&"."&IF(J81<=K81,J81,IF(J81=K81+1,200,IF(J81=K81+2,201,250)))&".0/24","")) -> 10.1.75.0/24 | D81: =IF(I81="","",IF(AND(J81>=1,J81<=K81+3),"255.255.255.0","")) -> 255.255.255.0 | E81: =IF(I81="","",IF(AND(J81>=1,J81<=K81+3),"10."&INDEX(Eingabe!$D$9:$D$18,I81)&"."&IF(J81<=K81,J81,IF(J81=K81+1,200,IF(J81=K81+2,201,250)))&".1","")) -> 10.1.75.1 | F81: =IF(I81="","",IF(AND(J81>=1,J81<=K81+3),"10."&INDEX(Eingabe!$D$9:$D$18,I81)&"."&IF(J81<=K81,J81,IF(J81=K81+1,200,IF(J81=K81+2,201,250)))&".10 – 10."&INDEX(Eingabe!$D$9:$D$18,I81)&"."&IF(J81<=K81,J81,IF(J81=K81+1,200,IF(J81=K81+2,201,250)))&".250","")) -> 10.1.75.10 – 10.1.75.250 | G81: =IF(I81="","",IF(AND(J81>=1,J81<=K81),Eingabe!$B$6&"-"&INDEX(Eingabe!$C$9:$C$18,I81)&"-Pächter · Passwort Parzelle "&J81,IF(J81=K81+1,Eingabe!$B$6&"-"&INDEX(Eingabe!$C$9:$C$18,I81)&"-Vorstand · eigenes WLAN",IF(J81=K81+2,Eingabe!$B$6&"-"&INDEX(Eingabe!$C$9:$C$18,I81)&"-Gäste · Voucher",IF(J81=K81+3,"Kabel · Access Point y = .(50+y), Mast-Switch x = .(10+x)",""))))) -> SparteNet.de-BW-Pächter · Passwort Parzelle 75 | I81: =IF(76<=(Eingabe!$P$18+Eingabe!$Q$18-1),MATCH(76,Eingabe!$P$9:$P$18,1),"") -> 1 | J81: =IF(I81="","",76-INDEX(Eingabe!$P$9:$P$18,I81)) -> 75 | K81: =IF(I81="","",INDEX(Eingabe!$E$9:$E$18,I81)) -> 85
A82: =IF(I82="","",IF(J82=0,"Sparte "&I82&": "&INDEX(Eingabe!$B$9:$B$18,I82)&" (Sparten-ID "&INDEX(Eingabe!$D$9:$D$18,I82)&", "&K82&" Parzellen)",IF(J82<=K82," Parzelle "&J82,IF(J82=K82+1," Vorstand",IF(J82=K82+2," Gäste",IF(J82=K82+3," Technik (Switches, Access Points)","")))))) -> Parzelle 76 | B82: =IF(I82="","",IF(AND(J82>=1,J82<=K82+3),IF(J82<=K82,IF(J82<=99,IF((INDEX(Eingabe!$G$9:$G$18,I82))<=9,1000+(INDEX(Eingabe!$G$9:$G$18,I82))*100,3000)+J82,IF((INDEX(Eingabe!$G$9:$G$18,I82)+1)<=9,1000+(INDEX(Eingabe!$G$9:$G$18,I82)+1)*100,3000)+J82-100),IF(J82=K82+1,2000+INDEX(Eingabe!$G$9:$G$18,I82)*10+1,IF(J82=K82+2,2000+INDEX(Eingabe!$G$9:$G$18,I82)*10+2,2000+INDEX(Eingabe!$G$9:$G$18,I82)*10+9))),"")) -> 1176 | C82: =IF(I82="","",IF(AND(J82>=1,J82<=K82+3),"10."&INDEX(Eingabe!$D$9:$D$18,I82)&"."&IF(J82<=K82,J82,IF(J82=K82+1,200,IF(J82=K82+2,201,250)))&".0/24","")) -> 10.1.76.0/24 | D82: =IF(I82="","",IF(AND(J82>=1,J82<=K82+3),"255.255.255.0","")) -> 255.255.255.0 | E82: =IF(I82="","",IF(AND(J82>=1,J82<=K82+3),"10."&INDEX(Eingabe!$D$9:$D$18,I82)&"."&IF(J82<=K82,J82,IF(J82=K82+1,200,IF(J82=K82+2,201,250)))&".1","")) -> 10.1.76.1 | F82: =IF(I82="","",IF(AND(J82>=1,J82<=K82+3),"10."&INDEX(Eingabe!$D$9:$D$18,I82)&"."&IF(J82<=K82,J82,IF(J82=K82+1,200,IF(J82=K82+2,201,250)))&".10 – 10."&INDEX(Eingabe!$D$9:$D$18,I82)&"."&IF(J82<=K82,J82,IF(J82=K82+1,200,IF(J82=K82+2,201,250)))&".250","")) -> 10.1.76.10 – 10.1.76.250 | G82: =IF(I82="","",IF(AND(J82>=1,J82<=K82),Eingabe!$B$6&"-"&INDEX(Eingabe!$C$9:$C$18,I82)&"-Pächter · Passwort Parzelle "&J82,IF(J82=K82+1,Eingabe!$B$6&"-"&INDEX(Eingabe!$C$9:$C$18,I82)&"-Vorstand · eigenes WLAN",IF(J82=K82+2,Eingabe!$B$6&"-"&INDEX(Eingabe!$C$9:$C$18,I82)&"-Gäste · Voucher",IF(J82=K82+3,"Kabel · Access Point y = .(50+y), Mast-Switch x = .(10+x)",""))))) -> SparteNet.de-BW-Pächter · Passwort Parzelle 76 | I82: =IF(77<=(Eingabe!$P$18+Eingabe!$Q$18-1),MATCH(77,Eingabe!$P$9:$P$18,1),"") -> 1 | J82: =IF(I82="","",77-INDEX(Eingabe!$P$9:$P$18,I82)) -> 76 | K82: =IF(I82="","",INDEX(Eingabe!$E$9:$E$18,I82)) -> 85
A83: =IF(I83="","",IF(J83=0,"Sparte "&I83&": "&INDEX(Eingabe!$B$9:$B$18,I83)&" (Sparten-ID "&INDEX(Eingabe!$D$9:$D$18,I83)&", "&K83&" Parzellen)",IF(J83<=K83," Parzelle "&J83,IF(J83=K83+1," Vorstand",IF(J83=K83+2," Gäste",IF(J83=K83+3," Technik (Switches, Access Points)","")))))) -> Parzelle 77 | B83: =IF(I83="","",IF(AND(J83>=1,J83<=K83+3),IF(J83<=K83,IF(J83<=99,IF((INDEX(Eingabe!$G$9:$G$18,I83))<=9,1000+(INDEX(Eingabe!$G$9:$G$18,I83))*100,3000)+J83,IF((INDEX(Eingabe!$G$9:$G$18,I83)+1)<=9,1000+(INDEX(Eingabe!$G$9:$G$18,I83)+1)*100,3000)+J83-100),IF(J83=K83+1,2000+INDEX(Eingabe!$G$9:$G$18,I83)*10+1,IF(J83=K83+2,2000+INDEX(Eingabe!$G$9:$G$18,I83)*10+2,2000+INDEX(Eingabe!$G$9:$G$18,I83)*10+9))),"")) -> 1177 | C83: =IF(I83="","",IF(AND(J83>=1,J83<=K83+3),"10."&INDEX(Eingabe!$D$9:$D$18,I83)&"."&IF(J83<=K83,J83,IF(J83=K83+1,200,IF(J83=K83+2,201,250)))&".0/24","")) -> 10.1.77.0/24 | D83: =IF(I83="","",IF(AND(J83>=1,J83<=K83+3),"255.255.255.0","")) -> 255.255.255.0 | E83: =IF(I83="","",IF(AND(J83>=1,J83<=K83+3),"10."&INDEX(Eingabe!$D$9:$D$18,I83)&"."&IF(J83<=K83,J83,IF(J83=K83+1,200,IF(J83=K83+2,201,250)))&".1","")) -> 10.1.77.1 | F83: =IF(I83="","",IF(AND(J83>=1,J83<=K83+3),"10."&INDEX(Eingabe!$D$9:$D$18,I83)&"."&IF(J83<=K83,J83,IF(J83=K83+1,200,IF(J83=K83+2,201,250)))&".10 – 10."&INDEX(Eingabe!$D$9:$D$18,I83)&"."&IF(J83<=K83,J83,IF(J83=K83+1,200,IF(J83=K83+2,201,250)))&".250","")) -> 10.1.77.10 – 10.1.77.250 | G83: =IF(I83="","",IF(AND(J83>=1,J83<=K83),Eingabe!$B$6&"-"&INDEX(Eingabe!$C$9:$C$18,I83)&"-Pächter · Passwort Parzelle "&J83,IF(J83=K83+1,Eingabe!$B$6&"-"&INDEX(Eingabe!$C$9:$C$18,I83)&"-Vorstand · eigenes WLAN",IF(J83=K83+2,Eingabe!$B$6&"-"&INDEX(Eingabe!$C$9:$C$18,I83)&"-Gäste · Voucher",IF(J83=K83+3,"Kabel · Access Point y = .(50+y), Mast-Switch x = .(10+x)",""))))) -> SparteNet.de-BW-Pächter · Passwort Parzelle 77 | I83: =IF(78<=(Eingabe!$P$18+Eingabe!$Q$18-1),MATCH(78,Eingabe!$P$9:$P$18,1),"") -> 1 | J83: =IF(I83="","",78-INDEX(Eingabe!$P$9:$P$18,I83)) -> 77 | K83: =IF(I83="","",INDEX(Eingabe!$E$9:$E$18,I83)) -> 85
A84: =IF(I84="","",IF(J84=0,"Sparte "&I84&": "&INDEX(Eingabe!$B$9:$B$18,I84)&" (Sparten-ID "&INDEX(Eingabe!$D$9:$D$18,I84)&", "&K84&" Parzellen)",IF(J84<=K84," Parzelle "&J84,IF(J84=K84+1," Vorstand",IF(J84=K84+2," Gäste",IF(J84=K84+3," Technik (Switches, Access Points)","")))))) -> Parzelle 78 | B84: =IF(I84="","",IF(AND(J84>=1,J84<=K84+3),IF(J84<=K84,IF(J84<=99,IF((INDEX(Eingabe!$G$9:$G$18,I84))<=9,1000+(INDEX(Eingabe!$G$9:$G$18,I84))*100,3000)+J84,IF((INDEX(Eingabe!$G$9:$G$18,I84)+1)<=9,1000+(INDEX(Eingabe!$G$9:$G$18,I84)+1)*100,3000)+J84-100),IF(J84=K84+1,2000+INDEX(Eingabe!$G$9:$G$18,I84)*10+1,IF(J84=K84+2,2000+INDEX(Eingabe!$G$9:$G$18,I84)*10+2,2000+INDEX(Eingabe!$G$9:$G$18,I84)*10+9))),"")) -> 1178 | C84: =IF(I84="","",IF(AND(J84>=1,J84<=K84+3),"10."&INDEX(Eingabe!$D$9:$D$18,I84)&"."&IF(J84<=K84,J84,IF(J84=K84+1,200,IF(J84=K84+2,201,250)))&".0/24","")) -> 10.1.78.0/24 | D84: =IF(I84="","",IF(AND(J84>=1,J84<=K84+3),"255.255.255.0","")) -> 255.255.255.0 | E84: =IF(I84="","",IF(AND(J84>=1,J84<=K84+3),"10."&INDEX(Eingabe!$D$9:$D$18,I84)&"."&IF(J84<=K84,J84,IF(J84=K84+1,200,IF(J84=K84+2,201,250)))&".1","")) -> 10.1.78.1 | F84: =IF(I84="","",IF(AND(J84>=1,J84<=K84+3),"10."&INDEX(Eingabe!$D$9:$D$18,I84)&"."&IF(J84<=K84,J84,IF(J84=K84+1,200,IF(J84=K84+2,201,250)))&".10 – 10."&INDEX(Eingabe!$D$9:$D$18,I84)&"."&IF(J84<=K84,J84,IF(J84=K84+1,200,IF(J84=K84+2,201,250)))&".250","")) -> 10.1.78.10 – 10.1.78.250 | G84: =IF(I84="","",IF(AND(J84>=1,J84<=K84),Eingabe!$B$6&"-"&INDEX(Eingabe!$C$9:$C$18,I84)&"-Pächter · Passwort Parzelle "&J84,IF(J84=K84+1,Eingabe!$B$6&"-"&INDEX(Eingabe!$C$9:$C$18,I84)&"-Vorstand · eigenes WLAN",IF(J84=K84+2,Eingabe!$B$6&"-"&INDEX(Eingabe!$C$9:$C$18,I84)&"-Gäste · Voucher",IF(J84=K84+3,"Kabel · Access Point y = .(50+y), Mast-Switch x = .(10+x)",""))))) -> SparteNet.de-BW-Pächter · Passwort Parzelle 78 | I84: =IF(79<=(Eingabe!$P$18+Eingabe!$Q$18-1),MATCH(79,Eingabe!$P$9:$P$18,1),"") -> 1 | J84: =IF(I84="","",79-INDEX(Eingabe!$P$9:$P$18,I84)) -> 78 | K84: =IF(I84="","",INDEX(Eingabe!$E$9:$E$18,I84)) -> 85
A85: =IF(I85="","",IF(J85=0,"Sparte "&I85&": "&INDEX(Eingabe!$B$9:$B$18,I85)&" (Sparten-ID "&INDEX(Eingabe!$D$9:$D$18,I85)&", "&K85&" Parzellen)",IF(J85<=K85," Parzelle "&J85,IF(J85=K85+1," Vorstand",IF(J85=K85+2," Gäste",IF(J85=K85+3," Technik (Switches, Access Points)","")))))) -> Parzelle 79 | B85: =IF(I85="","",IF(AND(J85>=1,J85<=K85+3),IF(J85<=K85,IF(J85<=99,IF((INDEX(Eingabe!$G$9:$G$18,I85))<=9,1000+(INDEX(Eingabe!$G$9:$G$18,I85))*100,3000)+J85,IF((INDEX(Eingabe!$G$9:$G$18,I85)+1)<=9,1000+(INDEX(Eingabe!$G$9:$G$18,I85)+1)*100,3000)+J85-100),IF(J85=K85+1,2000+INDEX(Eingabe!$G$9:$G$18,I85)*10+1,IF(J85=K85+2,2000+INDEX(Eingabe!$G$9:$G$18,I85)*10+2,2000+INDEX(Eingabe!$G$9:$G$18,I85)*10+9))),"")) -> 1179 | C85: =IF(I85="","",IF(AND(J85>=1,J85<=K85+3),"10."&INDEX(Eingabe!$D$9:$D$18,I85)&"."&IF(J85<=K85,J85,IF(J85=K85+1,200,IF(J85=K85+2,201,250)))&".0/24","")) -> 10.1.79.0/24 | D85: =IF(I85="","",IF(AND(J85>=1,J85<=K85+3),"255.255.255.0","")) -> 255.255.255.0 | E85: =IF(I85="","",IF(AND(J85>=1,J85<=K85+3),"10."&INDEX(Eingabe!$D$9:$D$18,I85)&"."&IF(J85<=K85,J85,IF(J85=K85+1,200,IF(J85=K85+2,201,250)))&".1","")) -> 10.1.79.1 | F85: =IF(I85="","",IF(AND(J85>=1,J85<=K85+3),"10."&INDEX(Eingabe!$D$9:$D$18,I85)&"."&IF(J85<=K85,J85,IF(J85=K85+1,200,IF(J85=K85+2,201,250)))&".10 – 10."&INDEX(Eingabe!$D$9:$D$18,I85)&"."&IF(J85<=K85,J85,IF(J85=K85+1,200,IF(J85=K85+2,201,250)))&".250","")) -> 10.1.79.10 – 10.1.79.250 | G85: =IF(I85="","",IF(AND(J85>=1,J85<=K85),Eingabe!$B$6&"-"&INDEX(Eingabe!$C$9:$C$18,I85)&"-Pächter · Passwort Parzelle "&J85,IF(J85=K85+1,Eingabe!$B$6&"-"&INDEX(Eingabe!$C$9:$C$18,I85)&"-Vorstand · eigenes WLAN",IF(J85=K85+2,Eingabe!$B$6&"-"&INDEX(Eingabe!$C$9:$C$18,I85)&"-Gäste · Voucher",IF(J85=K85+3,"Kabel · Access Point y = .(50+y), Mast-Switch x = .(10+x)",""))))) -> SparteNet.de-BW-Pächter · Passwort Parzelle 79 | I85: =IF(80<=(Eingabe!$P$18+Eingabe!$Q$18-1),MATCH(80,Eingabe!$P$9:$P$18,1),"") -> 1 | J85: =IF(I85="","",80-INDEX(Eingabe!$P$9:$P$18,I85)) -> 79 | K85: =IF(I85="","",INDEX(Eingabe!$E$9:$E$18,I85)) -> 85
A86: =IF(I86="","",IF(J86=0,"Sparte "&I86&": "&INDEX(Eingabe!$B$9:$B$18,I86)&" (Sparten-ID "&INDEX(Eingabe!$D$9:$D$18,I86)&", "&K86&" Parzellen)",IF(J86<=K86," Parzelle "&J86,IF(J86=K86+1," Vorstand",IF(J86=K86+2," Gäste",IF(J86=K86+3," Technik (Switches, Access Points)","")))))) -> Parzelle 80 | B86: =IF(I86="","",IF(AND(J86>=1,J86<=K86+3),IF(J86<=K86,IF(J86<=99,IF((INDEX(Eingabe!$G$9:$G$18,I86))<=9,1000+(INDEX(Eingabe!$G$9:$G$18,I86))*100,3000)+J86,IF((INDEX(Eingabe!$G$9:$G$18,I86)+1)<=9,1000+(INDEX(Eingabe!$G$9:$G$18,I86)+1)*100,3000)+J86-100),IF(J86=K86+1,2000+INDEX(Eingabe!$G$9:$G$18,I86)*10+1,IF(J86=K86+2,2000+INDEX(Eingabe!$G$9:$G$18,I86)*10+2,2000+INDEX(Eingabe!$G$9:$G$18,I86)*10+9))),"")) -> 1180 | C86: =IF(I86="","",IF(AND(J86>=1,J86<=K86+3),"10."&INDEX(Eingabe!$D$9:$D$18,I86)&"."&IF(J86<=K86,J86,IF(J86=K86+1,200,IF(J86=K86+2,201,250)))&".0/24","")) -> 10.1.80.0/24 | D86: =IF(I86="","",IF(AND(J86>=1,J86<=K86+3),"255.255.255.0","")) -> 255.255.255.0 | E86: =IF(I86="","",IF(AND(J86>=1,J86<=K86+3),"10."&INDEX(Eingabe!$D$9:$D$18,I86)&"."&IF(J86<=K86,J86,IF(J86=K86+1,200,IF(J86=K86+2,201,250)))&".1","")) -> 10.1.80.1 | F86: =IF(I86="","",IF(AND(J86>=1,J86<=K86+3),"10."&INDEX(Eingabe!$D$9:$D$18,I86)&"."&IF(J86<=K86,J86,IF(J86=K86+1,200,IF(J86=K86+2,201,250)))&".10 – 10."&INDEX(Eingabe!$D$9:$D$18,I86)&"."&IF(J86<=K86,J86,IF(J86=K86+1,200,IF(J86=K86+2,201,250)))&".250","")) -> 10.1.80.10 – 10.1.80.250 | G86: =IF(I86="","",IF(AND(J86>=1,J86<=K86),Eingabe!$B$6&"-"&INDEX(Eingabe!$C$9:$C$18,I86)&"-Pächter · Passwort Parzelle "&J86,IF(J86=K86+1,Eingabe!$B$6&"-"&INDEX(Eingabe!$C$9:$C$18,I86)&"-Vorstand · eigenes WLAN",IF(J86=K86+2,Eingabe!$B$6&"-"&INDEX(Eingabe!$C$9:$C$18,I86)&"-Gäste · Voucher",IF(J86=K86+3,"Kabel · Access Point y = .(50+y), Mast-Switch x = .(10+x)",""))))) -> SparteNet.de-BW-Pächter · Passwort Parzelle 80 | I86: =IF(81<=(Eingabe!$P$18+Eingabe!$Q$18-1),MATCH(81,Eingabe!$P$9:$P$18,1),"") -> 1 | J86: =IF(I86="","",81-INDEX(Eingabe!$P$9:$P$18,I86)) -> 80 | K86: =IF(I86="","",INDEX(Eingabe!$E$9:$E$18,I86)) -> 85
A87: =IF(I87="","",IF(J87=0,"Sparte "&I87&": "&INDEX(Eingabe!$B$9:$B$18,I87)&" (Sparten-ID "&INDEX(Eingabe!$D$9:$D$18,I87)&", "&K87&" Parzellen)",IF(J87<=K87," Parzelle "&J87,IF(J87=K87+1," Vorstand",IF(J87=K87+2," Gäste",IF(J87=K87+3," Technik (Switches, Access Points)","")))))) -> Parzelle 81 | B87: =IF(I87="","",IF(AND(J87>=1,J87<=K87+3),IF(J87<=K87,IF(J87<=99,IF((INDEX(Eingabe!$G$9:$G$18,I87))<=9,1000+(INDEX(Eingabe!$G$9:$G$18,I87))*100,3000)+J87,IF((INDEX(Eingabe!$G$9:$G$18,I87)+1)<=9,1000+(INDEX(Eingabe!$G$9:$G$18,I87)+1)*100,3000)+J87-100),IF(J87=K87+1,2000+INDEX(Eingabe!$G$9:$G$18,I87)*10+1,IF(J87=K87+2,2000+INDEX(Eingabe!$G$9:$G$18,I87)*10+2,2000+INDEX(Eingabe!$G$9:$G$18,I87)*10+9))),"")) -> 1181 | C87: =IF(I87="","",IF(AND(J87>=1,J87<=K87+3),"10."&INDEX(Eingabe!$D$9:$D$18,I87)&"."&IF(J87<=K87,J87,IF(J87=K87+1,200,IF(J87=K87+2,201,250)))&".0/24","")) -> 10.1.81.0/24 | D87: =IF(I87="","",IF(AND(J87>=1,J87<=K87+3),"255.255.255.0","")) -> 255.255.255.0 | E87: =IF(I87="","",IF(AND(J87>=1,J87<=K87+3),"10."&INDEX(Eingabe!$D$9:$D$18,I87)&"."&IF(J87<=K87,J87,IF(J87=K87+1,200,IF(J87=K87+2,201,250)))&".1","")) -> 10.1.81.1 | F87: =IF(I87="","",IF(AND(J87>=1,J87<=K87+3),"10."&INDEX(Eingabe!$D$9:$D$18,I87)&"."&IF(J87<=K87,J87,IF(J87=K87+1,200,IF(J87=K87+2,201,250)))&".10 – 10."&INDEX(Eingabe!$D$9:$D$18,I87)&"."&IF(J87<=K87,J87,IF(J87=K87+1,200,IF(J87=K87+2,201,250)))&".250","")) -> 10.1.81.10 – 10.1.81.250 | G87: =IF(I87="","",IF(AND(J87>=1,J87<=K87),Eingabe!$B$6&"-"&INDEX(Eingabe!$C$9:$C$18,I87)&"-Pächter · Passwort Parzelle "&J87,IF(J87=K87+1,Eingabe!$B$6&"-"&INDEX(Eingabe!$C$9:$C$18,I87)&"-Vorstand · eigenes WLAN",IF(J87=K87+2,Eingabe!$B$6&"-"&INDEX(Eingabe!$C$9:$C$18,I87)&"-Gäste · Voucher",IF(J87=K87+3,"Kabel · Access Point y = .(50+y), Mast-Switch x = .(10+x)",""))))) -> SparteNet.de-BW-Pächter · Passwort Parzelle 81 | I87: =IF(82<=(Eingabe!$P$18+Eingabe!$Q$18-1),MATCH(82,Eingabe!$P$9:$P$18,1),"") -> 1 | J87: =IF(I87="","",82-INDEX(Eingabe!$P$9:$P$18,I87)) -> 81 | K87: =IF(I87="","",INDEX(Eingabe!$E$9:$E$18,I87)) -> 85
A88: =IF(I88="","",IF(J88=0,"Sparte "&I88&": "&INDEX(Eingabe!$B$9:$B$18,I88)&" (Sparten-ID "&INDEX(Eingabe!$D$9:$D$18,I88)&", "&K88&" Parzellen)",IF(J88<=K88," Parzelle "&J88,IF(J88=K88+1," Vorstand",IF(J88=K88+2," Gäste",IF(J88=K88+3," Technik (Switches, Access Points)","")))))) -> Parzelle 82 | B88: =IF(I88="","",IF(AND(J88>=1,J88<=K88+3),IF(J88<=K88,IF(J88<=99,IF((INDEX(Eingabe!$G$9:$G$18,I88))<=9,1000+(INDEX(Eingabe!$G$9:$G$18,I88))*100,3000)+J88,IF((INDEX(Eingabe!$G$9:$G$18,I88)+1)<=9,1000+(INDEX(Eingabe!$G$9:$G$18,I88)+1)*100,3000)+J88-100),IF(J88=K88+1,2000+INDEX(Eingabe!$G$9:$G$18,I88)*10+1,IF(J88=K88+2,2000+INDEX(Eingabe!$G$9:$G$18,I88)*10+2,2000+INDEX(Eingabe!$G$9:$G$18,I88)*10+9))),"")) -> 1182 | C88: =IF(I88="","",IF(AND(J88>=1,J88<=K88+3),"10."&INDEX(Eingabe!$D$9:$D$18,I88)&"."&IF(J88<=K88,J88,IF(J88=K88+1,200,IF(J88=K88+2,201,250)))&".0/24","")) -> 10.1.82.0/24 | D88: =IF(I88="","",IF(AND(J88>=1,J88<=K88+3),"255.255.255.0","")) -> 255.255.255.0 | E88: =IF(I88="","",IF(AND(J88>=1,J88<=K88+3),"10."&INDEX(Eingabe!$D$9:$D$18,I88)&"."&IF(J88<=K88,J88,IF(J88=K88+1,200,IF(J88=K88+2,201,250)))&".1","")) -> 10.1.82.1 | F88: =IF(I88="","",IF(AND(J88>=1,J88<=K88+3),"10."&INDEX(Eingabe!$D$9:$D$18,I88)&"."&IF(J88<=K88,J88,IF(J88=K88+1,200,IF(J88=K88+2,201,250)))&".10 – 10."&INDEX(Eingabe!$D$9:$D$18,I88)&"."&IF(J88<=K88,J88,IF(J88=K88+1,200,IF(J88=K88+2,201,250)))&".250","")) -> 10.1.82.10 – 10.1.82.250 | G88: =IF(I88="","",IF(AND(J88>=1,J88<=K88),Eingabe!$B$6&"-"&INDEX(Eingabe!$C$9:$C$18,I88)&"-Pächter · Passwort Parzelle "&J88,IF(J88=K88+1,Eingabe!$B$6&"-"&INDEX(Eingabe!$C$9:$C$18,I88)&"-Vorstand · eigenes WLAN",IF(J88=K88+2,Eingabe!$B$6&"-"&INDEX(Eingabe!$C$9:$C$18,I88)&"-Gäste · Voucher",IF(J88=K88+3,"Kabel · Access Point y = .(50+y), Mast-Switch x = .(10+x)",""))))) -> SparteNet.de-BW-Pächter · Passwort Parzelle 82 | I88: =IF(83<=(Eingabe!$P$18+Eingabe!$Q$18-1),MATCH(83,Eingabe!$P$9:$P$18,1),"") -> 1 | J88: =IF(I88="","",83-INDEX(Eingabe!$P$9:$P$18,I88)) -> 82 | K88: =IF(I88="","",INDEX(Eingabe!$E$9:$E$18,I88)) -> 85
A89: =IF(I89="","",IF(J89=0,"Sparte "&I89&": "&INDEX(Eingabe!$B$9:$B$18,I89)&" (Sparten-ID "&INDEX(Eingabe!$D$9:$D$18,I89)&", "&K89&" Parzellen)",IF(J89<=K89," Parzelle "&J89,IF(J89=K89+1," Vorstand",IF(J89=K89+2," Gäste",IF(J89=K89+3," Technik (Switches, Access Points)","")))))) -> Parzelle 83 | B89: =IF(I89="","",IF(AND(J89>=1,J89<=K89+3),IF(J89<=K89,IF(J89<=99,IF((INDEX(Eingabe!$G$9:$G$18,I89))<=9,1000+(INDEX(Eingabe!$G$9:$G$18,I89))*100,3000)+J89,IF((INDEX(Eingabe!$G$9:$G$18,I89)+1)<=9,1000+(INDEX(Eingabe!$G$9:$G$18,I89)+1)*100,3000)+J89-100),IF(J89=K89+1,2000+INDEX(Eingabe!$G$9:$G$18,I89)*10+1,IF(J89=K89+2,2000+INDEX(Eingabe!$G$9:$G$18,I89)*10+2,2000+INDEX(Eingabe!$G$9:$G$18,I89)*10+9))),"")) -> 1183 | C89: =IF(I89="","",IF(AND(J89>=1,J89<=K89+3),"10."&INDEX(Eingabe!$D$9:$D$18,I89)&"."&IF(J89<=K89,J89,IF(J89=K89+1,200,IF(J89=K89+2,201,250)))&".0/24","")) -> 10.1.83.0/24 | D89: =IF(I89="","",IF(AND(J89>=1,J89<=K89+3),"255.255.255.0","")) -> 255.255.255.0 | E89: =IF(I89="","",IF(AND(J89>=1,J89<=K89+3),"10."&INDEX(Eingabe!$D$9:$D$18,I89)&"."&IF(J89<=K89,J89,IF(J89=K89+1,200,IF(J89=K89+2,201,250)))&".1","")) -> 10.1.83.1 | F89: =IF(I89="","",IF(AND(J89>=1,J89<=K89+3),"10."&INDEX(Eingabe!$D$9:$D$18,I89)&"."&IF(J89<=K89,J89,IF(J89=K89+1,200,IF(J89=K89+2,201,250)))&".10 – 10."&INDEX(Eingabe!$D$9:$D$18,I89)&"."&IF(J89<=K89,J89,IF(J89=K89+1,200,IF(J89=K89+2,201,250)))&".250","")) -> 10.1.83.10 – 10.1.83.250 | G89: =IF(I89="","",IF(AND(J89>=1,J89<=K89),Eingabe!$B$6&"-"&INDEX(Eingabe!$C$9:$C$18,I89)&"-Pächter · Passwort Parzelle "&J89,IF(J89=K89+1,Eingabe!$B$6&"-"&INDEX(Eingabe!$C$9:$C$18,I89)&"-Vorstand · eigenes WLAN",IF(J89=K89+2,Eingabe!$B$6&"-"&INDEX(Eingabe!$C$9:$C$18,I89)&"-Gäste · Voucher",IF(J89=K89+3,"Kabel · Access Point y = .(50+y), Mast-Switch x = .(10+x)",""))))) -> SparteNet.de-BW-Pächter · Passwort Parzelle 83 | I89: =IF(84<=(Eingabe!$P$18+Eingabe!$Q$18-1),MATCH(84,Eingabe!$P$9:$P$18,1),"") -> 1 | J89: =IF(I89="","",84-INDEX(Eingabe!$P$9:$P$18,I89)) -> 83 | K89: =IF(I89="","",INDEX(Eingabe!$E$9:$E$18,I89)) -> 85
A90: =IF(I90="","",IF(J90=0,"Sparte "&I90&": "&INDEX(Eingabe!$B$9:$B$18,I90)&" (Sparten-ID "&INDEX(Eingabe!$D$9:$D$18,I90)&", "&K90&" Parzellen)",IF(J90<=K90," Parzelle "&J90,IF(J90=K90+1," Vorstand",IF(J90=K90+2," Gäste",IF(J90=K90+3," Technik (Switches, Access Points)","")))))) -> Parzelle 84 | B90: =IF(I90="","",IF(AND(J90>=1,J90<=K90+3),IF(J90<=K90,IF(J90<=99,IF((INDEX(Eingabe!$G$9:$G$18,I90))<=9,1000+(INDEX(Eingabe!$G$9:$G$18,I90))*100,3000)+J90,IF((INDEX(Eingabe!$G$9:$G$18,I90)+1)<=9,1000+(INDEX(Eingabe!$G$9:$G$18,I90)+1)*100,3000)+J90-100),IF(J90=K90+1,2000+INDEX(Eingabe!$G$9:$G$18,I90)*10+1,IF(J90=K90+2,2000+INDEX(Eingabe!$G$9:$G$18,I90)*10+2,2000+INDEX(Eingabe!$G$9:$G$18,I90)*10+9))),"")) -> 1184 | C90: =IF(I90="","",IF(AND(J90>=1,J90<=K90+3),"10."&INDEX(Eingabe!$D$9:$D$18,I90)&"."&IF(J90<=K90,J90,IF(J90=K90+1,200,IF(J90=K90+2,201,250)))&".0/24","")) -> 10.1.84.0/24 | D90: =IF(I90="","",IF(AND(J90>=1,J90<=K90+3),"255.255.255.0","")) -> 255.255.255.0 | E90: =IF(I90="","",IF(AND(J90>=1,J90<=K90+3),"10."&INDEX(Eingabe!$D$9:$D$18,I90)&"."&IF(J90<=K90,J90,IF(J90=K90+1,200,IF(J90=K90+2,201,250)))&".1","")) -> 10.1.84.1 | F90: =IF(I90="","",IF(AND(J90>=1,J90<=K90+3),"10."&INDEX(Eingabe!$D$9:$D$18,I90)&"."&IF(J90<=K90,J90,IF(J90=K90+1,200,IF(J90=K90+2,201,250)))&".10 – 10."&INDEX(Eingabe!$D$9:$D$18,I90)&"."&IF(J90<=K90,J90,IF(J90=K90+1,200,IF(J90=K90+2,201,250)))&".250","")) -> 10.1.84.10 – 10.1.84.250 | G90: =IF(I90="","",IF(AND(J90>=1,J90<=K90),Eingabe!$B$6&"-"&INDEX(Eingabe!$C$9:$C$18,I90)&"-Pächter · Passwort Parzelle "&J90,IF(J90=K90+1,Eingabe!$B$6&"-"&INDEX(Eingabe!$C$9:$C$18,I90)&"-Vorstand · eigenes WLAN",IF(J90=K90+2,Eingabe!$B$6&"-"&INDEX(Eingabe!$C$9:$C$18,I90)&"-Gäste · Voucher",IF(J90=K90+3,"Kabel · Access Point y = .(50+y), Mast-Switch x = .(10+x)",""))))) -> SparteNet.de-BW-Pächter · Passwort Parzelle 84 | I90: =IF(85<=(Eingabe!$P$18+Eingabe!$Q$18-1),MATCH(85,Eingabe!$P$9:$P$18,1),"") -> 1 | J90: =IF(I90="","",85-INDEX(Eingabe!$P$9:$P$18,I90)) -> 84 | K90: =IF(I90="","",INDEX(Eingabe!$E$9:$E$18,I90)) -> 85
A91: =IF(I91="","",IF(J91=0,"Sparte "&I91&": "&INDEX(Eingabe!$B$9:$B$18,I91)&" (Sparten-ID "&INDEX(Eingabe!$D$9:$D$18,I91)&", "&K91&" Parzellen)",IF(J91<=K91," Parzelle "&J91,IF(J91=K91+1," Vorstand",IF(J91=K91+2," Gäste",IF(J91=K91+3," Technik (Switches, Access Points)","")))))) -> Parzelle 85 | B91: =IF(I91="","",IF(AND(J91>=1,J91<=K91+3),IF(J91<=K91,IF(J91<=99,IF((INDEX(Eingabe!$G$9:$G$18,I91))<=9,1000+(INDEX(Eingabe!$G$9:$G$18,I91))*100,3000)+J91,IF((INDEX(Eingabe!$G$9:$G$18,I91)+1)<=9,1000+(INDEX(Eingabe!$G$9:$G$18,I91)+1)*100,3000)+J91-100),IF(J91=K91+1,2000+INDEX(Eingabe!$G$9:$G$18,I91)*10+1,IF(J91=K91+2,2000+INDEX(Eingabe!$G$9:$G$18,I91)*10+2,2000+INDEX(Eingabe!$G$9:$G$18,I91)*10+9))),"")) -> 1185 | C91: =IF(I91="","",IF(AND(J91>=1,J91<=K91+3),"10."&INDEX(Eingabe!$D$9:$D$18,I91)&"."&IF(J91<=K91,J91,IF(J91=K91+1,200,IF(J91=K91+2,201,250)))&".0/24","")) -> 10.1.85.0/24 | D91: =IF(I91="","",IF(AND(J91>=1,J91<=K91+3),"255.255.255.0","")) -> 255.255.255.0 | E91: =IF(I91="","",IF(AND(J91>=1,J91<=K91+3),"10."&INDEX(Eingabe!$D$9:$D$18,I91)&"."&IF(J91<=K91,J91,IF(J91=K91+1,200,IF(J91=K91+2,201,250)))&".1","")) -> 10.1.85.1 | F91: =IF(I91="","",IF(AND(J91>=1,J91<=K91+3),"10."&INDEX(Eingabe!$D$9:$D$18,I91)&"."&IF(J91<=K91,J91,IF(J91=K91+1,200,IF(J91=K91+2,201,250)))&".10 – 10."&INDEX(Eingabe!$D$9:$D$18,I91)&"."&IF(J91<=K91,J91,IF(J91=K91+1,200,IF(J91=K91+2,201,250)))&".250","")) -> 10.1.85.10 – 10.1.85.250 | G91: =IF(I91="","",IF(AND(J91>=1,J91<=K91),Eingabe!$B$6&"-"&INDEX(Eingabe!$C$9:$C$18,I91)&"-Pächter · Passwort Parzelle "&J91,IF(J91=K91+1,Eingabe!$B$6&"-"&INDEX(Eingabe!$C$9:$C$18,I91)&"-Vorstand · eigenes WLAN",IF(J91=K91+2,Eingabe!$B$6&"-"&INDEX(Eingabe!$C$9:$C$18,I91)&"-Gäste · Voucher",IF(J91=K91+3,"Kabel · Access Point y = .(50+y), Mast-Switch x = .(10+x)",""))))) -> SparteNet.de-BW-Pächter · Passwort Parzelle 85 | I91: =IF(86<=(Eingabe!$P$18+Eingabe!$Q$18-1),MATCH(86,Eingabe!$P$9:$P$18,1),"") -> 1 | J91: =IF(I91="","",86-INDEX(Eingabe!$P$9:$P$18,I91)) -> 85 | K91: =IF(I91="","",INDEX(Eingabe!$E$9:$E$18,I91)) -> 85
A92: =IF(I92="","",IF(J92=0,"Sparte "&I92&": "&INDEX(Eingabe!$B$9:$B$18,I92)&" (Sparten-ID "&INDEX(Eingabe!$D$9:$D$18,I92)&", "&K92&" Parzellen)",IF(J92<=K92," Parzelle "&J92,IF(J92=K92+1," Vorstand",IF(J92=K92+2," Gäste",IF(J92=K92+3," Technik (Switches, Access Points)","")))))) -> Vorstand | B92: =IF(I92="","",IF(AND(J92>=1,J92<=K92+3),IF(J92<=K92,IF(J92<=99,IF((INDEX(Eingabe!$G$9:$G$18,I92))<=9,1000+(INDEX(Eingabe!$G$9:$G$18,I92))*100,3000)+J92,IF((INDEX(Eingabe!$G$9:$G$18,I92)+1)<=9,1000+(INDEX(Eingabe!$G$9:$G$18,I92)+1)*100,3000)+J92-100),IF(J92=K92+1,2000+INDEX(Eingabe!$G$9:$G$18,I92)*10+1,IF(J92=K92+2,2000+INDEX(Eingabe!$G$9:$G$18,I92)*10+2,2000+INDEX(Eingabe!$G$9:$G$18,I92)*10+9))),"")) -> 2011 | C92: =IF(I92="","",IF(AND(J92>=1,J92<=K92+3),"10."&INDEX(Eingabe!$D$9:$D$18,I92)&"."&IF(J92<=K92,J92,IF(J92=K92+1,200,IF(J92=K92+2,201,250)))&".0/24","")) -> 10.1.200.0/24 | D92: =IF(I92="","",IF(AND(J92>=1,J92<=K92+3),"255.255.255.0","")) -> 255.255.255.0 | E92: =IF(I92="","",IF(AND(J92>=1,J92<=K92+3),"10."&INDEX(Eingabe!$D$9:$D$18,I92)&"."&IF(J92<=K92,J92,IF(J92=K92+1,200,IF(J92=K92+2,201,250)))&".1","")) -> 10.1.200.1 | F92: =IF(I92="","",IF(AND(J92>=1,J92<=K92+3),"10."&INDEX(Eingabe!$D$9:$D$18,I92)&"."&IF(J92<=K92,J92,IF(J92=K92+1,200,IF(J92=K92+2,201,250)))&".10 – 10."&INDEX(Eingabe!$D$9:$D$18,I92)&"."&IF(J92<=K92,J92,IF(J92=K92+1,200,IF(J92=K92+2,201,250)))&".250","")) -> 10.1.200.10 – 10.1.200.250 | G92: =IF(I92="","",IF(AND(J92>=1,J92<=K92),Eingabe!$B$6&"-"&INDEX(Eingabe!$C$9:$C$18,I92)&"-Pächter · Passwort Parzelle "&J92,IF(J92=K92+1,Eingabe!$B$6&"-"&INDEX(Eingabe!$C$9:$C$18,I92)&"-Vorstand · eigenes WLAN",IF(J92=K92+2,Eingabe!$B$6&"-"&INDEX(Eingabe!$C$9:$C$18,I92)&"-Gäste · Voucher",IF(J92=K92+3,"Kabel · Access Point y = .(50+y), Mast-Switch x = .(10+x)",""))))) -> SparteNet.de-BW-Vorstand · eigenes WLAN | I92: =IF(87<=(Eingabe!$P$18+Eingabe!$Q$18-1),MATCH(87,Eingabe!$P$9:$P$18,1),"") -> 1 | J92: =IF(I92="","",87-INDEX(Eingabe!$P$9:$P$18,I92)) -> 86 | K92: =IF(I92="","",INDEX(Eingabe!$E$9:$E$18,I92)) -> 85
A93: =IF(I93="","",IF(J93=0,"Sparte "&I93&": "&INDEX(Eingabe!$B$9:$B$18,I93)&" (Sparten-ID "&INDEX(Eingabe!$D$9:$D$18,I93)&", "&K93&" Parzellen)",IF(J93<=K93," Parzelle "&J93,IF(J93=K93+1," Vorstand",IF(J93=K93+2," Gäste",IF(J93=K93+3," Technik (Switches, Access Points)","")))))) -> Gäste | B93: =IF(I93="","",IF(AND(J93>=1,J93<=K93+3),IF(J93<=K93,IF(J93<=99,IF((INDEX(Eingabe!$G$9:$G$18,I93))<=9,1000+(INDEX(Eingabe!$G$9:$G$18,I93))*100,3000)+J93,IF((INDEX(Eingabe!$G$9:$G$18,I93)+1)<=9,1000+(INDEX(Eingabe!$G$9:$G$18,I93)+1)*100,3000)+J93-100),IF(J93=K93+1,2000+INDEX(Eingabe!$G$9:$G$18,I93)*10+1,IF(J93=K93+2,2000+INDEX(Eingabe!$G$9:$G$18,I93)*10+2,2000+INDEX(Eingabe!$G$9:$G$18,I93)*10+9))),"")) -> 2012 | C93: =IF(I93="","",IF(AND(J93>=1,J93<=K93+3),"10."&INDEX(Eingabe!$D$9:$D$18,I93)&"."&IF(J93<=K93,J93,IF(J93=K93+1,200,IF(J93=K93+2,201,250)))&".0/24","")) -> 10.1.201.0/24 | D93: =IF(I93="","",IF(AND(J93>=1,J93<=K93+3),"255.255.255.0","")) -> 255.255.255.0 | E93: =IF(I93="","",IF(AND(J93>=1,J93<=K93+3),"10."&INDEX(Eingabe!$D$9:$D$18,I93)&"."&IF(J93<=K93,J93,IF(J93=K93+1,200,IF(J93=K93+2,201,250)))&".1","")) -> 10.1.201.1 | F93: =IF(I93="","",IF(AND(J93>=1,J93<=K93+3),"10."&INDEX(Eingabe!$D$9:$D$18,I93)&"."&IF(J93<=K93,J93,IF(J93=K93+1,200,IF(J93=K93+2,201,250)))&".10 – 10."&INDEX(Eingabe!$D$9:$D$18,I93)&"."&IF(J93<=K93,J93,IF(J93=K93+1,200,IF(J93=K93+2,201,250)))&".250","")) -> 10.1.201.10 – 10.1.201.250 | G93: =IF(I93="","",IF(AND(J93>=1,J93<=K93),Eingabe!$B$6&"-"&INDEX(Eingabe!$C$9:$C$18,I93)&"-Pächter · Passwort Parzelle "&J93,IF(J93=K93+1,Eingabe!$B$6&"-"&INDEX(Eingabe!$C$9:$C$18,I93)&"-Vorstand · eigenes WLAN",IF(J93=K93+2,Eingabe!$B$6&"-"&INDEX(Eingabe!$C$9:$C$18,I93)&"-Gäste · Voucher",IF(J93=K93+3,"Kabel · Access Point y = .(50+y), Mast-Switch x = .(10+x)",""))))) -> SparteNet.de-BW-Gäste · Voucher | I93: =IF(88<=(Eingabe!$P$18+Eingabe!$Q$18-1),MATCH(88,Eingabe!$P$9:$P$18,1),"") -> 1 | J93: =IF(I93="","",88-INDEX(Eingabe!$P$9:$P$18,I93)) -> 87 | K93: =IF(I93="","",INDEX(Eingabe!$E$9:$E$18,I93)) -> 85
A94: =IF(I94="","",IF(J94=0,"Sparte "&I94&": "&INDEX(Eingabe!$B$9:$B$18,I94)&" (Sparten-ID "&INDEX(Eingabe!$D$9:$D$18,I94)&", "&K94&" Parzellen)",IF(J94<=K94," Parzelle "&J94,IF(J94=K94+1," Vorstand",IF(J94=K94+2," Gäste",IF(J94=K94+3," Technik (Switches, Access Points)","")))))) -> Technik (Switches, Access Points) | B94: =IF(I94="","",IF(AND(J94>=1,J94<=K94+3),IF(J94<=K94,IF(J94<=99,IF((INDEX(Eingabe!$G$9:$G$18,I94))<=9,1000+(INDEX(Eingabe!$G$9:$G$18,I94))*100,3000)+J94,IF((INDEX(Eingabe!$G$9:$G$18,I94)+1)<=9,1000+(INDEX(Eingabe!$G$9:$G$18,I94)+1)*100,3000)+J94-100),IF(J94=K94+1,2000+INDEX(Eingabe!$G$9:$G$18,I94)*10+1,IF(J94=K94+2,2000+INDEX(Eingabe!$G$9:$G$18,I94)*10+2,2000+INDEX(Eingabe!$G$9:$G$18,I94)*10+9))),"")) -> 2019 | C94: =IF(I94="","",IF(AND(J94>=1,J94<=K94+3),"10."&INDEX(Eingabe!$D$9:$D$18,I94)&"."&IF(J94<=K94,J94,IF(J94=K94+1,200,IF(J94=K94+2,201,250)))&".0/24","")) -> 10.1.250.0/24 | D94: =IF(I94="","",IF(AND(J94>=1,J94<=K94+3),"255.255.255.0","")) -> 255.255.255.0 | E94: =IF(I94="","",IF(AND(J94>=1,J94<=K94+3),"10."&INDEX(Eingabe!$D$9:$D$18,I94)&"."&IF(J94<=K94,J94,IF(J94=K94+1,200,IF(J94=K94+2,201,250)))&".1","")) -> 10.1.250.1 | F94: =IF(I94="","",IF(AND(J94>=1,J94<=K94+3),"10."&INDEX(Eingabe!$D$9:$D$18,I94)&"."&IF(J94<=K94,J94,IF(J94=K94+1,200,IF(J94=K94+2,201,250)))&".10 – 10."&INDEX(Eingabe!$D$9:$D$18,I94)&"."&IF(J94<=K94,J94,IF(J94=K94+1,200,IF(J94=K94+2,201,250)))&".250","")) -> 10.1.250.10 – 10.1.250.250 | G94: =IF(I94="","",IF(AND(J94>=1,J94<=K94),Eingabe!$B$6&"-"&INDEX(Eingabe!$C$9:$C$18,I94)&"-Pächter · Passwort Parzelle "&J94,IF(J94=K94+1,Eingabe!$B$6&"-"&INDEX(Eingabe!$C$9:$C$18,I94)&"-Vorstand · eigenes WLAN",IF(J94=K94+2,Eingabe!$B$6&"-"&INDEX(Eingabe!$C$9:$C$18,I94)&"-Gäste · Voucher",IF(J94=K94+3,"Kabel · Access Point y = .(50+y), Mast-Switch x = .(10+x)",""))))) -> Kabel · Access Point y = .(50+y), Mast-Switch x = .(10+x) | I94: =IF(89<=(Eingabe!$P$18+Eingabe!$Q$18-1),MATCH(89,Eingabe!$P$9:$P$18,1),"") -> 1 | J94: =IF(I94="","",89-INDEX(Eingabe!$P$9:$P$18,I94)) -> 88 | K94: =IF(I94="","",INDEX(Eingabe!$E$9:$E$18,I94)) -> 85
A95: =IF(I95="","",IF(J95=0,"Sparte "&I95&": "&INDEX(Eingabe!$B$9:$B$18,I95)&" (Sparten-ID "&INDEX(Eingabe!$D$9:$D$18,I95)&", "&K95&" Parzellen)",IF(J95<=K95," Parzelle "&J95,IF(J95=K95+1," Vorstand",IF(J95=K95+2," Gäste",IF(J95=K95+3," Technik (Switches, Access Points)","")))))) | B95: =IF(I95="","",IF(AND(J95>=1,J95<=K95+3),IF(J95<=K95,IF(J95<=99,IF((INDEX(Eingabe!$G$9:$G$18,I95))<=9,1000+(INDEX(Eingabe!$G$9:$G$18,I95))*100,3000)+J95,IF((INDEX(Eingabe!$G$9:$G$18,I95)+1)<=9,1000+(INDEX(Eingabe!$G$9:$G$18,I95)+1)*100,3000)+J95-100),IF(J95=K95+1,2000+INDEX(Eingabe!$G$9:$G$18,I95)*10+1,IF(J95=K95+2,2000+INDEX(Eingabe!$G$9:$G$18,I95)*10+2,2000+INDEX(Eingabe!$G$9:$G$18,I95)*10+9))),"")) | C95: =IF(I95="","",IF(AND(J95>=1,J95<=K95+3),"10."&INDEX(Eingabe!$D$9:$D$18,I95)&"."&IF(J95<=K95,J95,IF(J95=K95+1,200,IF(J95=K95+2,201,250)))&".0/24","")) | D95: =IF(I95="","",IF(AND(J95>=1,J95<=K95+3),"255.255.255.0","")) | E95: =IF(I95="","",IF(AND(J95>=1,J95<=K95+3),"10."&INDEX(Eingabe!$D$9:$D$18,I95)&"."&IF(J95<=K95,J95,IF(J95=K95+1,200,IF(J95=K95+2,201,250)))&".1","")) | F95: =IF(I95="","",IF(AND(J95>=1,J95<=K95+3),"10."&INDEX(Eingabe!$D$9:$D$18,I95)&"."&IF(J95<=K95,J95,IF(J95=K95+1,200,IF(J95=K95+2,201,250)))&".10 – 10."&INDEX(Eingabe!$D$9:$D$18,I95)&"."&IF(J95<=K95,J95,IF(J95=K95+1,200,IF(J95=K95+2,201,250)))&".250","")) | G95: =IF(I95="","",IF(AND(J95>=1,J95<=K95),Eingabe!$B$6&"-"&INDEX(Eingabe!$C$9:$C$18,I95)&"-Pächter · Passwort Parzelle "&J95,IF(J95=K95+1,Eingabe!$B$6&"-"&INDEX(Eingabe!$C$9:$C$18,I95)&"-Vorstand · eigenes WLAN",IF(J95=K95+2,Eingabe!$B$6&"-"&INDEX(Eingabe!$C$9:$C$18,I95)&"-Gäste · Voucher",IF(J95=K95+3,"Kabel · Access Point y = .(50+y), Mast-Switch x = .(10+x)",""))))) | I95: =IF(90<=(Eingabe!$P$18+Eingabe!$Q$18-1),MATCH(90,Eingabe!$P$9:$P$18,1),"") -> 1 | J95: =IF(I95="","",90-INDEX(Eingabe!$P$9:$P$18,I95)) -> 89 | K95: =IF(I95="","",INDEX(Eingabe!$E$9:$E$18,I95)) -> 85
A96: =IF(I96="","",IF(J96=0,"Sparte "&I96&": "&INDEX(Eingabe!$B$9:$B$18,I96)&" (Sparten-ID "&INDEX(Eingabe!$D$9:$D$18,I96)&", "&K96&" Parzellen)",IF(J96<=K96," Parzelle "&J96,IF(J96=K96+1," Vorstand",IF(J96=K96+2," Gäste",IF(J96=K96+3," Technik (Switches, Access Points)","")))))) -> Sparte 2: Mittelweg (Sparten-ID 2, 53 Parzellen) | B96: =IF(I96="","",IF(AND(J96>=1,J96<=K96+3),IF(J96<=K96,IF(J96<=99,IF((INDEX(Eingabe!$G$9:$G$18,I96))<=9,1000+(INDEX(Eingabe!$G$9:$G$18,I96))*100,3000)+J96,IF((INDEX(Eingabe!$G$9:$G$18,I96)+1)<=9,1000+(INDEX(Eingabe!$G$9:$G$18,I96)+1)*100,3000)+J96-100),IF(J96=K96+1,2000+INDEX(Eingabe!$G$9:$G$18,I96)*10+1,IF(J96=K96+2,2000+INDEX(Eingabe!$G$9:$G$18,I96)*10+2,2000+INDEX(Eingabe!$G$9:$G$18,I96)*10+9))),"")) | C96: =IF(I96="","",IF(AND(J96>=1,J96<=K96+3),"10."&INDEX(Eingabe!$D$9:$D$18,I96)&"."&IF(J96<=K96,J96,IF(J96=K96+1,200,IF(J96=K96+2,201,250)))&".0/24","")) | D96: =IF(I96="","",IF(AND(J96>=1,J96<=K96+3),"255.255.255.0","")) | E96: =IF(I96="","",IF(AND(J96>=1,J96<=K96+3),"10."&INDEX(Eingabe!$D$9:$D$18,I96)&"."&IF(J96<=K96,J96,IF(J96=K96+1,200,IF(J96=K96+2,201,250)))&".1","")) | F96: =IF(I96="","",IF(AND(J96>=1,J96<=K96+3),"10."&INDEX(Eingabe!$D$9:$D$18,I96)&"."&IF(J96<=K96,J96,IF(J96=K96+1,200,IF(J96=K96+2,201,250)))&".10 – 10."&INDEX(Eingabe!$D$9:$D$18,I96)&"."&IF(J96<=K96,J96,IF(J96=K96+1,200,IF(J96=K96+2,201,250)))&".250","")) | G96: =IF(I96="","",IF(AND(J96>=1,J96<=K96),Eingabe!$B$6&"-"&INDEX(Eingabe!$C$9:$C$18,I96)&"-Pächter · Passwort Parzelle "&J96,IF(J96=K96+1,Eingabe!$B$6&"-"&INDEX(Eingabe!$C$9:$C$18,I96)&"-Vorstand · eigenes WLAN",IF(J96=K96+2,Eingabe!$B$6&"-"&INDEX(Eingabe!$C$9:$C$18,I96)&"-Gäste · Voucher",IF(J96=K96+3,"Kabel · Access Point y = .(50+y), Mast-Switch x = .(10+x)",""))))) | I96: =IF(91<=(Eingabe!$P$18+Eingabe!$Q$18-1),MATCH(91,Eingabe!$P$9:$P$18,1),"") -> 2 | J96: =IF(I96="","",91-INDEX(Eingabe!$P$9:$P$18,I96)) -> 0 | K96: =IF(I96="","",INDEX(Eingabe!$E$9:$E$18,I96)) -> 53
